ID,Family,Genus,Species,colonizer/sedentary,P-N colonizer,N-P colonizer,P & N sedentary,Old colonizer - SPS,Old colonizer - GENUS,Confamilial sedentary,Within Nearctic,Within Palaearctic,Cosmopolite
1,FELIDAE,Acinonyx,Acinonyx jubatus,sedentary,0,0,1,0,0,1,0,1,0
2,MURIDAE,Acomys,Acomys russatus,sedentary,0,0,1,0,0,0,0,1,0
3,SCIURIDAE,Aeretes,Aeretes melanopterus,sedentary,0,0,1,0,0,0,0,1,0
4,AILURIDAE,Ailurus,Ailurus fulgens,sedentary,0,0,1,0,0,0,0,1,0
5,CERVIDAE,Alces,Alces alces,colonizer,1,0,0,0,0,0,0,1,0
6,CERVIDAE,Alces,Alces americanus,colonizer,1,0,0,0,0,0,1,1,1
7,DIPODIDAE,Allactaga,Allactaga balikunica,sedentary,0,0,1,0,0,0,0,1,0
8,DIPODIDAE,Allactaga,Allactaga bullata,sedentary,0,0,1,0,0,0,0,1,0
9,DIPODIDAE,Allactaga,Allactaga elater,sedentary,0,0,1,0,0,0,0,1,0
10,DIPODIDAE,Allactaga,Allactaga euphratica,sedentary,0,0,1,0,0,0,0,1,0
11,DIPODIDAE,Allactaga,Allactaga hotsoni,sedentary,0,0,1,0,0,0,0,1,0
12,DIPODIDAE,Allactaga,Allactaga major,sedentary,0,0,1,0,0,0,0,1,0
13,DIPODIDAE,Allactaga,Allactaga severtzovi,sedentary,0,0,1,0,0,0,0,1,0
14,DIPODIDAE,Allactaga,Allactaga sibirica,sedentary,0,0,1,0,0,0,0,1,0
15,DIPODIDAE,Allactaga,Allactaga vinogradovi,sedentary,0,0,1,0,0,0,0,1,0
16,DIPODIDAE,Allactaga,Allactaga williamsi,sedentary,0,0,1,0,0,0,0,1,0
17,DIPODIDAE,Allactodipus,Allactodipus bobrinskii,sedentary,0,0,1,0,0,0,0,1,0
18,CRICETIDAE,Allocricetulus,Allocricetulus curtatus,sedentary,0,0,1,0,0,1,0,1,0
19,CRICETIDAE,Allocricetulus,Allocricetulus eversmanni,sedentary,0,0,1,0,0,1,0,1,0
20,CANIDAE,Alopex,Alopex lagopus,sedentary,0,0,1,1,1,1,1,1,1
21,CRICETIDAE,Alticola,Alticola albicaudus,sedentary,0,0,1,0,0,1,0,1,0
22,CRICETIDAE,Alticola,Alticola argentatus,sedentary,0,0,1,0,0,1,0,1,0
23,CRICETIDAE,Alticola,Alticola barakshin,sedentary,0,0,1,0,0,1,0,1,0
24,CRICETIDAE,Alticola,Alticola lemminus,sedentary,0,0,1,0,0,1,0,1,0
25,CRICETIDAE,Alticola,Alticola macrotis,sedentary,0,0,1,0,0,1,0,1,0
26,CRICETIDAE,Alticola,Alticola montosa,sedentary,0,0,1,0,0,1,0,1,0
27,CRICETIDAE,Alticola,Alticola olchonensis,sedentary,0,0,1,0,0,1,0,1,0
28,CRICETIDAE,Alticola,Alticola roylei,sedentary,0,0,1,0,0,1,0,1,0
29,CRICETIDAE,Alticola,Alticola semicanus,sedentary,0,0,1,0,0,1,0,1,0
30,CRICETIDAE,Alticola,Alticola stoliczkanus,sedentary,0,0,1,0,0,1,0,1,0
31,CRICETIDAE,Alticola,Alticola strelzowi,sedentary,0,0,1,0,0,1,0,1,0
32,CRICETIDAE,Alticola,Alticola tuvinicus,sedentary,0,0,1,0,0,1,0,1,0
33,SCIURIDAE,Ammospermophilus,Ammospermophilus harrisii,sedentary,0,0,1,0,0,0,1,0,0
34,SCIURIDAE,Ammospermophilus,Ammospermophilus interpres,sedentary,0,0,1,0,0,0,1,0,0
35,SCIURIDAE,Ammospermophilus,Ammospermophilus leucurus,sedentary,0,0,1,0,0,0,1,0,0
36,SCIURIDAE,Ammospermophilus,Ammospermophilus nelsoni,sedentary,0,0,1,0,0,0,1,0,0
37,ANTILOCAPRIDAE,Antilocapra,Antilocapra americana,sedentary,0,0,1,0,0,0,1,0,0
38,APLODONTIIDAE,Aplodontia,Aplodontia rufa,colonizer,0,1,0,0,0,0,1,0,0
39,MURIDAE,Apodemus,Apodemus agrarius,sedentary,0,0,1,0,0,0,0,1,0
40,MURIDAE,Apodemus,Apodemus alpicola,sedentary,0,0,1,0,0,0,0,1,0
41,MURIDAE,Apodemus,Apodemus draco,sedentary,0,0,1,0,0,0,0,1,0
42,MURIDAE,Apodemus,Apodemus epimelas,sedentary,0,0,1,0,0,0,0,1,0
43,MURIDAE,Apodemus,Apodemus flavicollis,sedentary,0,0,1,0,0,0,0,1,0
44,MURIDAE,Apodemus,Apodemus hyrcanicus,sedentary,0,0,1,0,0,0,0,1,0
45,MURIDAE,Apodemus,Apodemus latronum,sedentary,0,0,1,0,0,0,0,1,0
46,MURIDAE,Apodemus,Apodemus mystacinus,sedentary,0,0,1,0,0,0,0,1,0
47,MURIDAE,Apodemus,Apodemus pallipes,sedentary,0,0,1,0,0,0,0,1,0
48,MURIDAE,Apodemus,Apodemus peninsulae,sedentary,0,0,1,0,0,0,0,1,0
49,MURIDAE,Apodemus,Apodemus ponticus,sedentary,0,0,1,0,0,0,0,1,0
50,MURIDAE,Apodemus,Apodemus rusiges,sedentary,0,0,1,0,0,0,0,1,0
51,MURIDAE,Apodemus,Apodemus sylvaticus,sedentary,0,0,1,0,0,0,0,1,0
52,MURIDAE,Apodemus,Apodemus uralensis,sedentary,0,0,1,0,0,0,0,1,0
53,MURIDAE,Apodemus,Apodemus witherbyi,sedentary,0,0,1,0,0,0,0,1,0
54,CRICETIDAE,Arborimus,Arborimus albipes,sedentary,0,0,1,0,0,1,1,0,0
55,CRICETIDAE,Arborimus,Arborimus longicaudus,sedentary,0,0,1,0,0,1,1,0,0
56,CRICETIDAE,Arborimus,Arborimus pomo,sedentary,0,0,1,0,0,1,1,0,0
57,MUSTELIDAE,Arctonyx,Arctonyx collaris,sedentary,0,0,1,0,0,1,0,1,0
58,CRICETIDAE,Arvicola,Arvicola amphibius,sedentary,0,0,1,0,0,1,0,1,0
59,CRICETIDAE,Arvicola,Arvicola sapidus,sedentary,0,0,1,0,0,1,0,1,0
60,CRICETIDAE,Arvicola,Arvicola scherman,sedentary,0,0,1,0,0,1,0,1,0
61,ATELIDAE,Ateles,Ateles geoffroyi,sedentary,0,0,1,0,0,0,1,0,0
62,CRICETIDAE,Baiomys,Baiomys musculus,sedentary,0,0,1,0,0,1,1,0,0
63,CRICETIDAE,Baiomys,Baiomys taylori,sedentary,0,0,1,0,0,1,1,0,0
64,MURIDAE,Bandicota,Bandicota bengalensis,sedentary,0,0,1,0,0,0,0,1,0
65,PROCYONIDAE,Bassariscus,Bassariscus astutus,sedentary,0,0,1,0,0,0,1,0,0
66,PROCYONIDAE,Bassariscus,Bassariscus sumichrasti,sedentary,0,0,1,0,0,0,1,0,0
67,BOVIDAE,Bison,Bison bison,colonizer,1,0,0,0,0,0,1,0,0
68,BOVIDAE,Bison,Bison bonasus,colonizer,1,0,0,0,0,0,0,1,0
69,CRICETIDAE,Blanfordimys,Blanfordimys afghanus,sedentary,0,0,1,0,0,1,0,1,0
70,CRICETIDAE,Blanfordimys,Blanfordimys bucharensis,sedentary,0,0,1,0,0,1,0,1,0
71,SORICIDAE,Blarina,Blarina brevicauda,colonizer,0,1,0,0,0,0,1,0,0
72,SORICIDAE,Blarina,Blarina carolinensis,colonizer,0,1,0,0,0,0,1,0,0
73,SORICIDAE,Blarina,Blarina hylophaga,colonizer,0,1,0,0,0,0,1,0,0
74,SORICIDAE,Blarinella,Blarinella griselda,colonizer,0,1,0,0,0,0,0,1,0
75,BOVIDAE,Bos,Bos mutus,sedentary,0,0,1,0,0,1,0,1,0
76,MURIDAE,Brachiones,Brachiones przewalskii,sedentary,0,0,1,0,0,0,0,1,0
77,LEPORIDAE,Brachylagus,Brachylagus idahoensis,sedentary,0,0,1,0,0,1,1,0,0
78,BOVIDAE,Budorcas,Budorcas taxicolor,sedentary,0,0,1,0,0,1,0,1,0
79,CALOMYSCIDAE,Calomyscus,Calomyscus bailwardi,sedentary,0,0,1,0,0,0,0,1,0
80,CALOMYSCIDAE,Calomyscus,Calomyscus baluchi,sedentary,0,0,1,0,0,0,0,1,0
81,CALOMYSCIDAE,Calomyscus,Calomyscus elburzensis,sedentary,0,0,1,0,0,0,0,1,0
82,CALOMYSCIDAE,Calomyscus,Calomyscus grandis,sedentary,0,0,1,0,0,0,0,1,0
83,CALOMYSCIDAE,Calomyscus,Calomyscus mystax,sedentary,0,0,1,0,0,0,0,1,0
84,CALOMYSCIDAE,Calomyscus,Calomyscus urartensis,sedentary,0,0,1,0,0,0,0,1,0
85,DIDELPHIDAE,Caluromys,Caluromys derbianus,sedentary,0,0,1,0,0,0,1,0,0
86,CAMELIDAE,Camelus,Camelus ferus,colonizer,0,1,0,0,0,0,0,1,0
87,CANIDAE,Canis,Canis aureus,colonizer,0,1,0,0,0,0,0,1,0
88,CANIDAE,Canis,Canis latrans,colonizer,0,1,0,0,0,0,1,0,0
89,CANIDAE,Canis,Canis lupus,colonizer,0,1,0,0,0,0,1,1,1
90,CANIDAE,Canis,Canis rufus,colonizer,0,1,0,0,0,0,1,0,0
91,CRICETIDAE,Cansumys,Cansumys canus,sedentary,0,0,1,0,0,1,0,1,0
92,BOVIDAE,Capra,Capra aegagrus,sedentary,0,0,1,0,0,1,0,1,0
93,BOVIDAE,Capra,Capra caucasica,sedentary,0,0,1,0,0,1,0,1,0
94,BOVIDAE,Capra,Capra cylindricornis,sedentary,0,0,1,0,0,1,0,1,0
95,BOVIDAE,Capra,Capra falconeri,sedentary,0,0,1,0,0,1,0,1,0
96,BOVIDAE,Capra,Capra ibex,sedentary,0,0,1,0,0,1,0,1,0
97,BOVIDAE,Capra,Capra pyrenaica,sedentary,0,0,1,0,0,1,0,1,0
98,BOVIDAE,Capra,Capra sibirica,sedentary,0,0,1,0,0,1,0,1,0
99,CERVIDAE,Capreolus,Capreolus capreolus,sedentary,0,0,1,0,0,1,0,1,0
100,CERVIDAE,Capreolus,Capreolus pygargus,sedentary,0,0,1,0,0,1,0,1,0
101,BOVIDAE,Capricornis,Capricornis milneedwardsii,sedentary,0,0,1,0,0,1,0,1,0
102,FELIDAE,Caracal,Caracal caracal,sedentary,0,0,1,0,0,1,0,1,0
103,DIPODIDAE,Cardiocranius,Cardiocranius paradoxus,sedentary,0,0,1,0,0,0,0,1,0
104,CRICETIDAE,Caryomys,Caryomys eva,sedentary,0,0,1,0,0,1,0,1,0
105,CRICETIDAE,Caryomys,Caryomys inez,sedentary,0,0,1,0,0,1,0,1,0
106,CASTORIDAE,Castor,Castor canadensis,sedentary,0,0,1,0,1,0,1,0,0
107,CASTORIDAE,Castor,Castor fiber,sedentary,0,0,1,0,1,0,0,1,0
108,CERVIDAE,Cervus,Cervus elaphus,colonizer,1,0,0,0,0,0,1,1,1
109,CERVIDAE,Cervus,Cervus nippon,colonizer,1,0,0,0,0,0,0,1,0
110,HETEROMYIDAE,Chaetodipus,Chaetodipus arenarius,sedentary,0,0,1,0,0,0,1,0,0
111,HETEROMYIDAE,Chaetodipus,Chaetodipus artus,sedentary,0,0,1,0,0,0,1,0,0
112,HETEROMYIDAE,Chaetodipus,Chaetodipus baileyi,sedentary,0,0,1,0,0,0,1,0,0
113,HETEROMYIDAE,Chaetodipus,Chaetodipus californicus,sedentary,0,0,1,0,0,0,1,0,0
114,HETEROMYIDAE,Chaetodipus,Chaetodipus dalquesti,sedentary,0,0,1,0,0,0,1,0,0
115,HETEROMYIDAE,Chaetodipus,Chaetodipus eremicus,sedentary,0,0,1,0,0,0,1,0,0
116,HETEROMYIDAE,Chaetodipus,Chaetodipus fallax,sedentary,0,0,1,0,0,0,1,0,0
117,HETEROMYIDAE,Chaetodipus,Chaetodipus formosus,sedentary,0,0,1,0,0,0,1,0,0
118,HETEROMYIDAE,Chaetodipus,Chaetodipus goldmani,sedentary,0,0,1,0,0,0,1,0,0
119,HETEROMYIDAE,Chaetodipus,Chaetodipus hispidus,sedentary,0,0,1,0,0,0,1,0,0
120,HETEROMYIDAE,Chaetodipus,Chaetodipus intermedius,sedentary,0,0,1,0,0,0,1,0,0
121,HETEROMYIDAE,Chaetodipus,Chaetodipus lineatus,sedentary,0,0,1,0,0,0,1,0,0
122,HETEROMYIDAE,Chaetodipus,Chaetodipus nelsoni,sedentary,0,0,1,0,0,0,1,0,0
123,HETEROMYIDAE,Chaetodipus,Chaetodipus penicillatus,sedentary,0,0,1,0,0,0,1,0,0
124,HETEROMYIDAE,Chaetodipus,Chaetodipus pernix,sedentary,0,0,1,0,0,0,1,0,0
125,HETEROMYIDAE,Chaetodipus,Chaetodipus rudinoris,sedentary,0,0,1,0,0,0,1,0,0
126,HETEROMYIDAE,Chaetodipus,Chaetodipus spinatus,sedentary,0,0,1,0,0,0,1,0,0
127,SORICIDAE,Chimarrogale,Chimarrogale himalayica,colonizer,0,1,0,0,0,0,0,1,0
128,SORICIDAE,Chimarrogale,Chimarrogale styani,colonizer,0,1,0,0,0,0,0,1,0
129,CRICETIDAE,Chionomys,Chionomys gud,sedentary,0,0,1,0,0,1,0,1,0
130,CRICETIDAE,Chionomys,Chionomys nivalis,sedentary,0,0,1,0,0,1,0,1,0
131,CRICETIDAE,Chionomys,Chionomys roberti,sedentary,0,0,1,0,0,1,0,1,0
132,DIDELPHIDAE,Chironectes,Chironectes minimus,sedentary,0,0,1,0,0,0,1,0,0
133,SORICIDAE,Chodsigoa,Chodsigoa hypsibia,colonizer,0,1,0,0,0,0,0,1,0
134,TALPIDAE,Condylura,Condylura cristata,colonizer,0,1,0,0,0,0,1,0,0
135,MEPHITIDAE,Conepatus,Conepatus leuconotus,sedentary,0,0,1,0,0,0,1,0,0
136,MEPHITIDAE,Conepatus,Conepatus semistriatus,sedentary,0,0,1,0,0,0,1,0,0
137,GEOMYIDAE,Cratogeomys,Cratogeomys castanops,sedentary,0,0,1,0,0,0,1,0,0
138,GEOMYIDAE,Cratogeomys,Cratogeomys fumosus,sedentary,0,0,1,0,0,0,1,0,0
139,GEOMYIDAE,Cratogeomys,Cratogeomys goldmani,sedentary,0,0,1,0,0,0,1,0,0
140,GEOMYIDAE,Cratogeomys,Cratogeomys merriami,sedentary,0,0,1,0,0,0,1,0,0
141,GEOMYIDAE,Cratogeomys,Cratogeomys planiceps,sedentary,0,0,1,0,0,0,1,0,0
142,CRICETIDAE,Cricetulus,Cricetulus alticola,sedentary,0,0,1,0,0,1,0,1,0
143,CRICETIDAE,Cricetulus,Cricetulus barabensis,sedentary,0,0,1,0,0,1,0,1,0
144,CRICETIDAE,Cricetulus,Cricetulus kamensis,sedentary,0,0,1,0,0,1,0,1,0
145,CRICETIDAE,Cricetulus,Cricetulus lama,sedentary,0,0,1,0,0,1,0,1,0
146,CRICETIDAE,Cricetulus,Cricetulus longicaudatus,sedentary,0,0,1,0,0,1,0,1,0
147,CRICETIDAE,Cricetulus,Cricetulus migratorius,sedentary,0,0,1,0,0,1,0,1,0
148,CRICETIDAE,Cricetulus,Cricetulus sokolovi,sedentary,0,0,1,0,0,1,0,1,0
149,CRICETIDAE,Cricetulus,Cricetulus tibetanus,sedentary,0,0,1,0,0,1,0,1,0
150,CRICETIDAE,Cricetus,Cricetus cricetus,sedentary,0,0,1,0,0,1,0,1,0
151,SORICIDAE,Crocidura,Crocidura armenica,colonizer,0,1,0,0,0,0,0,1,0
152,SORICIDAE,Crocidura,Crocidura attenuata,colonizer,0,1,0,0,0,0,0,1,0
153,SORICIDAE,Crocidura,Crocidura caspica,colonizer,0,1,0,0,0,0,0,1,0
154,SORICIDAE,Crocidura,Crocidura gmelini,colonizer,0,1,0,0,0,0,0,1,0
156,SORICIDAE,Crocidura,Crocidura katinka,colonizer,0,1,0,0,0,0,0,1,0
157,SORICIDAE,Crocidura,Crocidura lasiura,colonizer,0,1,0,0,0,0,0,1,0
158,SORICIDAE,Crocidura,Crocidura leucodon,colonizer,0,1,0,0,0,0,0,1,0
159,SORICIDAE,Crocidura,Crocidura pergrisea,colonizer,0,1,0,0,0,0,0,1,0
160,SORICIDAE,Crocidura,Crocidura pullata,colonizer,0,1,0,0,0,0,0,1,0
161,SORICIDAE,Crocidura,Crocidura russula,colonizer,0,1,0,0,0,0,0,1,0
163,SORICIDAE,Crocidura,Crocidura serezkyensis,colonizer,0,1,0,0,0,0,0,1,0
164,SORICIDAE,Crocidura,Crocidura shantungensis,colonizer,0,1,0,0,0,0,0,1,0
165,SORICIDAE,Crocidura,Crocidura sibirica,colonizer,0,1,0,0,0,0,0,1,0
166,SORICIDAE,Crocidura,Crocidura suaveolens,colonizer,0,1,0,0,0,0,0,1,0
167,SORICIDAE,Crocidura,Crocidura zarudnyi,colonizer,0,1,0,0,0,0,0,1,0
168,SORICIDAE,Cryptotis,Cryptotis alticola,colonizer,0,1,0,0,0,0,1,0,0
169,SORICIDAE,Cryptotis,Cryptotis goldmani,colonizer,0,1,0,0,0,0,1,0,0
170,SORICIDAE,Cryptotis,Cryptotis magna,colonizer,0,1,0,0,0,0,1,0,0
171,SORICIDAE,Cryptotis,Cryptotis mayensis,colonizer,0,1,0,0,0,0,1,0,0
172,SORICIDAE,Cryptotis,Cryptotis mexicana,colonizer,0,1,0,0,0,0,1,0,0
173,SORICIDAE,Cryptotis,Cryptotis obscura,colonizer,0,1,0,0,0,0,1,0,0
174,SORICIDAE,Cryptotis,Cryptotis parva,colonizer,0,1,0,0,0,0,1,0,0
175,SORICIDAE,Cryptotis,Cryptotis peregrina,colonizer,0,1,0,0,0,0,1,0,0
176,SORICIDAE,Cryptotis,Cryptotis phillipsii,colonizer,0,1,0,0,0,0,1,0,0
177,CUNICULIDAE,Cuniculus,Cuniculus paca,sedentary,0,0,1,0,0,0,1,0,0
178,CANIDAE,Cuon,Cuon alpinus,sedentary,0,0,1,0,0,1,0,1,0
179,SCIURIDAE,Cynomys,Cynomys gunnisoni,sedentary,0,0,1,0,0,0,1,0,0
180,SCIURIDAE,Cynomys,Cynomys leucurus,sedentary,0,0,1,0,0,0,1,0,0
181,SCIURIDAE,Cynomys,Cynomys ludovicianus,sedentary,0,0,1,0,0,0,1,0,0
182,SCIURIDAE,Cynomys,Cynomys mexicanus,sedentary,0,0,1,0,0,0,1,0,0
183,SCIURIDAE,Cynomys,Cynomys parvidens,sedentary,0,0,1,0,0,0,1,0,0
184,TALPIDAE,Desmana,Desmana moschata,colonizer,0,1,0,0,0,0,0,1,0
185,CRICETIDAE,Dicrostonyx,Dicrostonyx groenlandicus,colonizer,1,0,0,0,0,0,1,0,0
186,CRICETIDAE,Dicrostonyx,Dicrostonyx hudsonius,colonizer,1,0,0,0,0,0,1,0,0
187,CRICETIDAE,Dicrostonyx,Dicrostonyx nelsoni,colonizer,1,0,0,0,0,0,1,0,0
188,CRICETIDAE,Dicrostonyx,Dicrostonyx nunatakensis,colonizer,1,0,0,0,0,0,1,0,0
189,CRICETIDAE,Dicrostonyx,Dicrostonyx richardsoni,colonizer,1,0,0,0,0,0,1,0,0
190,CRICETIDAE,Dicrostonyx,Dicrostonyx torquatus,colonizer,0,1,0,0,0,0,0,1,0
192,HETEROMYIDAE,Dipodomys,Dipodomys venustus,sedentary,0,0,1,0,0,0,1,0,0
193,SORICIDAE,Episoriculus,Episoriculus leucops,colonizer,0,1,0,0,0,0,0,1,0
194,EQUIDAE,Equus,Equus ferus,colonizer,0,1,0,0,0,0,0,1,0
195,EQUIDAE,Equus,Equus hemionus,colonizer,0,1,0,0,0,0,0,1,0
196,EQUIDAE,Equus,Equus kiang,colonizer,0,1,0,0,0,0,0,1,0
197,ERINACEIDAE,Erinaceus,Erinaceus amurensis,colonizer,0,1,0,0,0,0,0,1,0
198,ERINACEIDAE,Erinaceus,Erinaceus concolor,colonizer,0,1,0,0,0,0,0,1,0
199,ERINACEIDAE,Erinaceus,Erinaceus europaeus,colonizer,0,1,0,0,0,0,0,1,0
200,ERINACEIDAE,Erinaceus,Erinaceus roumanicus,colonizer,0,1,0,0,0,0,0,1,0
201,TALPIDAE,Galemys,Galemys pyrenaicus,colonizer,0,1,0,0,0,0,0,1,0
202,GEOMYIDAE,Geomys,Geomys knoxjonesi,sedentary,0,0,1,0,0,0,1,0,0
203,GEOMYIDAE,Geomys,Geomys texensis,sedentary,0,0,1,0,0,0,1,0,0
204,GLIRIDAE,Glis,Glis glis,sedentary,0,0,1,0,0,0,0,1,0
205,MURIDAE,Golunda,Golunda ellioti,sedentary,0,0,1,0,0,0,0,1,0
206,MUSTELIDAE,Gulo,Gulo gulo,colonizer,1,0,0,0,0,0,1,1,1
207,CRICETIDAE,Habromys,Habromys delicatulus,sedentary,0,0,1,0,0,1,1,0,0
208,CRICETIDAE,Habromys,Habromys schmidlyi,sedentary,0,0,1,0,0,1,1,0,0
209,CRICETIDAE,Handleyomys,Handleyomys alfaroi,sedentary,0,0,1,0,0,1,1,0,0
210,ERINACEIDAE,Hemiechinus,Hemiechinus auritus,colonizer,0,1,0,0,0,0,0,1,0
211,HERPESTIDAE,Herpestes,Herpestes edwardsii,sedentary,0,0,1,0,0,0,0,1,0
212,HERPESTIDAE,Herpestes,Herpestes javanicus,sedentary,0,0,1,0,0,0,0,1,0
213,CRICETIDAE,Hodomys,Hodomys alleni,sedentary,0,0,1,0,0,1,1,0,0
214,HYSTRICIDAE,Hystrix,Hystrix brachyura,sedentary,0,0,1,0,0,0,0,1,0
215,CRICETIDAE,Lagurus,Lagurus lagurus,colonizer,1,0,0,0,0,0,0,1,0
216,CRICETIDAE,Lasiopodomys,Lasiopodomys brandtii,sedentary,0,0,1,0,0,1,0,1,0
217,CRICETIDAE,Lasiopodomys,Lasiopodomys fuscus,sedentary,0,0,1,0,0,1,0,1,0
218,CRICETIDAE,Lasiopodomys,Lasiopodomys mandarinus,sedentary,0,0,1,0,0,1,0,1,0
219,CRICETIDAE,Lemmiscus,Lemmiscus curtatus,sedentary,0,0,1,0,0,1,1,0,0
220,CRICETIDAE,Lemmus,Lemmus amurensis,colonizer,1,0,0,0,0,0,0,1,0
221,CRICETIDAE,Lemmus,Lemmus lemmus,colonizer,1,0,0,0,0,0,0,1,0
222,CRICETIDAE,Lemmus,Lemmus sibiricus,colonizer,1,0,0,0,0,0,0,1,0
223,CRICETIDAE,Lemmus,Lemmus trimucronatus,colonizer,1,0,0,0,0,0,1,1,1
224,FELIDAE,Leopardus,Leopardus wiedii,sedentary,0,0,1,0,0,1,1,0,0
225,LEPORIDAE,Lepus,Lepus alleni,colonizer,1,0,0,0,0,0,1,0,0
226,LEPORIDAE,Lepus,Lepus americanus,colonizer,1,0,0,0,0,0,1,0,0
227,LEPORIDAE,Lepus,Lepus arcticus,colonizer,1,0,0,0,0,0,1,0,0
228,LEPORIDAE,Lepus,Lepus californicus,colonizer,1,0,0,0,0,0,1,0,0
229,LEPORIDAE,Lepus,Lepus callotis,colonizer,1,0,0,0,0,0,1,0,0
230,LEPORIDAE,Lepus,Lepus capensis,colonizer,1,0,0,0,0,0,0,1,0
231,LEPORIDAE,Lepus,Lepus castroviejoi,colonizer,1,0,0,0,0,0,0,1,0
232,LEPORIDAE,Lepus,Lepus coreanus,colonizer,1,0,0,0,0,0,0,1,0
233,LEPORIDAE,Lepus,Lepus corsicanus,colonizer,1,0,0,0,0,0,0,1,0
234,LEPORIDAE,Lepus,Lepus europaeus,colonizer,1,0,0,0,0,0,1,1,1
235,LEPORIDAE,Lepus,Lepus granatensis,colonizer,1,0,0,0,0,0,0,1,0
236,LEPORIDAE,Lepus,Lepus mandshuricus,colonizer,1,0,0,0,0,0,0,1,0
237,LEPORIDAE,Lepus,Lepus nigricollis,colonizer,1,0,0,0,0,0,0,1,0
238,LEPORIDAE,Lepus,Lepus oiostolus,colonizer,1,0,0,0,0,0,0,1,0
239,LEPORIDAE,Lepus,Lepus othus,colonizer,1,0,0,0,0,0,1,0,0
240,LEPORIDAE,Lepus,Lepus tibetanus,colonizer,1,0,0,0,0,0,0,1,0
241,LEPORIDAE,Lepus,Lepus timidus,colonizer,1,0,0,0,0,0,0,1,0
242,LEPORIDAE,Lepus,Lepus tolai,colonizer,1,0,0,0,0,0,0,1,0
243,LEPORIDAE,Lepus,Lepus townsendii,colonizer,1,0,0,0,0,0,1,0,0
244,LEPORIDAE,Lepus,Lepus yarkandensis,colonizer,1,0,0,0,0,0,0,1,0
245,HETEROMYIDAE,Liomys,Liomys irroratus,sedentary,0,0,1,0,0,0,1,0,0
246,HETEROMYIDAE,Liomys,Liomys pictus,sedentary,0,0,1,0,0,0,1,0,0
247,HETEROMYIDAE,Liomys,Liomys spectabilis,sedentary,0,0,1,0,0,0,1,0,0
248,MUSTELIDAE,Lontra,Lontra canadensis,colonizer,1,0,0,0,0,0,1,0,0
249,MUSTELIDAE,Lontra,Lontra longicaudis,colonizer,1,0,0,0,0,0,1,0,0
250,MUSTELIDAE,Lutra,Lutra lutra,sedentary,0,0,1,0,0,1,0,1,0
251,FELIDAE,Lynx,Lynx canadensis,colonizer,1,0,0,0,0,0,1,0,0
252,FELIDAE,Lynx,Lynx lynx,colonizer,1,0,0,0,0,0,0,1,0
253,FELIDAE,Lynx,Lynx pardinus,colonizer,1,0,0,0,0,0,0,1,0
254,FELIDAE,Lynx,Lynx rufus,colonizer,1,0,0,0,0,0,1,0,0
255,CERCOPITHECIDAE,Macaca,Macaca assamensis,sedentary,0,0,1,0,0,0,0,1,0
256,CERCOPITHECIDAE,Macaca,Macaca mulatta,sedentary,0,0,1,0,0,0,0,1,0
257,CERCOPITHECIDAE,Macaca,Macaca thibetana,sedentary,0,0,1,0,0,0,0,1,0
258,DIDELPHIDAE,Marmosa,Marmosa mexicana,sedentary,0,0,1,0,0,0,1,0,0
259,SCIURIDAE,Marmota,Marmota baibacina,sedentary,0,0,1,0,1,0,0,1,0
260,SCIURIDAE,Marmota,Marmota bobak,sedentary,0,0,1,0,1,0,0,1,0
261,SCIURIDAE,Marmota,Marmota broweri,sedentary,0,0,1,0,1,0,1,0,0
262,SCIURIDAE,Marmota,Marmota caligata,sedentary,0,0,1,0,1,0,1,0,0
263,SCIURIDAE,Marmota,Marmota camtschatica,sedentary,0,0,1,0,1,0,0,1,0
264,SCIURIDAE,Marmota,Marmota caudata,sedentary,0,0,1,0,1,0,0,1,0
265,SCIURIDAE,Marmota,Marmota flaviventris,sedentary,0,0,1,0,1,0,1,0,0
266,SCIURIDAE,Marmota,Marmota himalayana,sedentary,0,0,1,0,1,0,0,1,0
267,SCIURIDAE,Marmota,Marmota marmota,sedentary,0,0,1,0,1,0,0,1,0
268,SCIURIDAE,Marmota,Marmota menzbieri,sedentary,0,0,1,0,1,0,0,1,0
269,SCIURIDAE,Marmota,Marmota monax,sedentary,0,0,1,0,1,0,1,0,0
270,SCIURIDAE,Marmota,Marmota olympus,sedentary,0,0,1,0,1,0,1,0,0
271,SCIURIDAE,Marmota,Marmota sibirica,sedentary,0,0,1,0,1,0,0,1,0
272,MUSTELIDAE,Martes,Martes americana,sedentary,0,0,1,0,1,1,1,0,0
273,MUSTELIDAE,Martes,Martes flavigula,sedentary,0,0,1,0,1,1,0,1,0
274,MUSTELIDAE,Martes,Martes foina,sedentary,0,0,1,0,1,1,0,1,0
275,MUSTELIDAE,Martes,Martes martes,sedentary,0,0,1,0,1,1,0,1,0
276,MUSTELIDAE,Martes,Martes pennanti,sedentary,0,0,1,0,1,1,1,0,0
277,MUSTELIDAE,Martes,Martes zibellina,sedentary,0,0,1,0,1,1,0,1,0
278,CERVIDAE,Mazama,Mazama temama,sedentary,0,0,1,0,0,1,1,0,0
279,CRICETIDAE,Megadontomys,Megadontomys thomasi,sedentary,0,0,1,0,0,1,1,0,0
280,SORICIDAE,Megasorex,Megasorex gigas,colonizer,0,1,0,0,0,0,1,0,0
281,MUSTELIDAE,Meles,Meles leucurus,sedentary,0,0,1,0,0,1,0,1,0
282,MUSTELIDAE,Meles,Meles meles,sedentary,0,0,1,0,0,1,0,1,0
283,MUSTELIDAE,Mellivora,Mellivora capensis,sedentary,0,0,1,0,0,1,0,1,0
284,MEPHITIDAE,Mephitis,Mephitis macroura,sedentary,0,0,1,0,0,0,1,0,0
285,MEPHITIDAE,Mephitis,Mephitis mephitis,sedentary,0,0,1,0,0,0,1,0,0
286,MURIDAE,Meriones,Meriones chengi,sedentary,0,0,1,0,0,0,0,1,0
287,MURIDAE,Meriones,Meriones crassus,sedentary,0,0,1,0,0,0,0,1,0
288,MURIDAE,Meriones,Meriones dahli,sedentary,0,0,1,0,0,0,0,1,0
289,MURIDAE,Meriones,Meriones libycus,sedentary,0,0,1,0,0,0,0,1,0
290,MURIDAE,Meriones,Meriones meridianus,sedentary,0,0,1,0,0,0,0,1,0
291,MURIDAE,Meriones,Meriones persicus,sedentary,0,0,1,0,0,0,0,1,0
292,MURIDAE,Meriones,Meriones tamariscinus,sedentary,0,0,1,0,0,0,0,1,0
293,MURIDAE,Meriones,Meriones tristrami,sedentary,0,0,1,0,0,0,0,1,0
294,MURIDAE,Meriones,Meriones unguiculatus,sedentary,0,0,1,0,0,0,0,1,0
295,MURIDAE,Meriones,Meriones vinogradovi,sedentary,0,0,1,0,0,0,0,1,0
296,MURIDAE,Meriones,Meriones zarudnyi,sedentary,0,0,1,0,0,0,0,1,0
297,ERINACEIDAE,Mesechinus,Mesechinus dauuricus,colonizer,0,1,0,0,0,0,0,1,0
298,ERINACEIDAE,Mesechinus,Mesechinus hughi,colonizer,0,1,0,0,0,0,0,1,0
299,CRICETIDAE,Mesocricetus,Mesocricetus brandti,sedentary,0,0,1,0,0,1,0,1,0
300,CRICETIDAE,Mesocricetus,Mesocricetus newtoni,sedentary,0,0,1,0,0,1,0,1,0
301,CRICETIDAE,Mesocricetus,Mesocricetus raddei,sedentary,0,0,1,0,0,1,0,1,0
302,HETEROMYIDAE,Microdipodops,Microdipodops megacephalus,sedentary,0,0,1,0,0,0,1,0,0
303,HETEROMYIDAE,Microdipodops,Microdipodops pallidus,sedentary,0,0,1,0,0,0,1,0,0
304,MURIDAE,Micromys,Micromys minutus,sedentary,0,0,1,0,0,0,0,1,0
305,CRICETIDAE,Microtus,Microtus agrestis,colonizer,1,0,0,0,0,0,0,1,0
306,CRICETIDAE,Microtus,Microtus arvalis,colonizer,1,0,0,0,0,0,0,1,0
307,CRICETIDAE,Microtus,Microtus bavaricus,colonizer,1,0,0,0,0,0,0,1,0
308,CRICETIDAE,Microtus,Microtus brachycercus,colonizer,1,0,0,0,0,0,0,1,0
309,CRICETIDAE,Microtus,Microtus cabrerae,colonizer,1,0,0,0,0,0,0,1,0
310,CRICETIDAE,Microtus,Microtus californicus,colonizer,1,0,0,0,0,0,1,0,0
311,CRICETIDAE,Microtus,Microtus canicaudus,colonizer,1,0,0,0,0,0,1,0,0
312,CRICETIDAE,Microtus,Microtus chrotorrhinus,colonizer,1,0,0,0,0,0,1,0,0
313,CRICETIDAE,Microtus,Microtus daghestanicus,colonizer,1,0,0,0,0,0,0,1,0
314,CRICETIDAE,Microtus,Microtus duodecimcostatus,colonizer,1,0,0,0,0,0,0,1,0
315,CRICETIDAE,Microtus,Microtus evoronensis,colonizer,1,0,0,0,0,0,0,1,0
316,CRICETIDAE,Microtus,Microtus felteni,colonizer,1,0,0,0,0,0,0,1,0
317,CRICETIDAE,Microtus,Microtus fortis,colonizer,1,0,0,0,0,0,0,1,0
318,CRICETIDAE,Microtus,Microtus gerbei,colonizer,1,0,0,0,0,0,0,1,0
319,CRICETIDAE,Microtus,Microtus gregalis,colonizer,1,0,0,0,0,0,0,1,0
320,CRICETIDAE,Microtus,Microtus hyperboreus,colonizer,1,0,0,0,0,0,0,1,0
321,CRICETIDAE,Microtus,Microtus ilaeus,colonizer,1,0,0,0,0,0,0,1,0
322,CRICETIDAE,Microtus,Microtus levis,colonizer,1,0,0,0,0,0,0,1,0
323,CRICETIDAE,Microtus,Microtus liechtensteini,colonizer,1,0,0,0,0,0,0,1,0
324,CRICETIDAE,Microtus,Microtus limnophilus,colonizer,1,0,0,0,0,0,0,1,0
325,CRICETIDAE,Microtus,Microtus longicaudus,colonizer,1,0,0,0,0,0,1,0,0
326,CRICETIDAE,Microtus,Microtus lusitanicus,colonizer,1,0,0,0,0,0,0,1,0
327,CRICETIDAE,Microtus,Microtus majori,colonizer,1,0,0,0,0,0,0,1,0
328,CRICETIDAE,Microtus,Microtus maximowiczii,colonizer,1,0,0,0,0,0,0,1,0
329,CRICETIDAE,Microtus,Microtus mexicanus,colonizer,1,0,0,0,0,0,1,0,0
330,CRICETIDAE,Microtus,Microtus middendorffii,colonizer,1,0,0,0,0,0,0,1,0
331,CRICETIDAE,Microtus,Microtus miurus,colonizer,1,0,0,0,0,0,1,0,0
332,CRICETIDAE,Microtus,Microtus mongolicus,colonizer,1,0,0,0,0,0,0,1,0
333,CRICETIDAE,Microtus,Microtus montanus,colonizer,1,0,0,0,0,0,1,0,0
334,CRICETIDAE,Microtus,Microtus mujanensis,colonizer,1,0,0,0,0,0,0,1,0
335,CRICETIDAE,Microtus,Microtus multiplex,colonizer,1,0,0,0,0,0,0,1,0
336,CRICETIDAE,Microtus,Microtus nasarovi,colonizer,1,0,0,0,0,0,0,1,0
337,CRICETIDAE,Microtus,Microtus ochrogaster,colonizer,1,0,0,0,0,0,1,0,0
338,CRICETIDAE,Microtus,Microtus oeconomus,colonizer,1,0,0,0,0,0,1,1,1
339,CRICETIDAE,Microtus,Microtus oregoni,colonizer,1,0,0,0,0,0,1,0,0
340,CRICETIDAE,Microtus,Microtus paradoxus,colonizer,1,0,0,0,0,0,0,1,0
341,CRICETIDAE,Microtus,Microtus pennsylvanicus,colonizer,1,0,0,0,0,0,1,0,0
342,CRICETIDAE,Microtus,Microtus pinetorum,colonizer,1,0,0,0,0,0,1,0,0
343,CRICETIDAE,Microtus,Microtus qazvinensis,colonizer,1,0,0,0,0,0,0,1,0
344,CRICETIDAE,Microtus,Microtus quasiater,colonizer,1,0,0,0,0,0,1,0,0
345,CRICETIDAE,Microtus,Microtus richardsoni,colonizer,1,0,0,0,0,0,1,0,0
346,CRICETIDAE,Microtus,Microtus savii,colonizer,1,0,0,0,0,0,0,1,0
347,CRICETIDAE,Microtus,Microtus schelkovnikovi,colonizer,1,0,0,0,0,0,0,1,0
348,CRICETIDAE,Microtus,Microtus schidlovskii,colonizer,1,0,0,0,0,0,0,1,0
349,CRICETIDAE,Microtus,Microtus socialis,colonizer,1,0,0,0,0,0,0,1,0
350,CRICETIDAE,Microtus,Microtus subterraneus,colonizer,1,0,0,0,0,0,0,1,0
351,CRICETIDAE,Microtus,Microtus tatricus,colonizer,1,0,0,0,0,0,0,1,0
352,CRICETIDAE,Microtus,Microtus thomasi,colonizer,1,0,0,0,0,0,0,1,0
353,CRICETIDAE,Microtus,Microtus townsendii,colonizer,1,0,0,0,0,0,1,0,0
354,CRICETIDAE,Microtus,Microtus transcaspicus,colonizer,1,0,0,0,0,0,0,1,0
355,CRICETIDAE,Microtus,Microtus umbrosus,colonizer,1,0,0,0,0,0,1,0,0
356,CRICETIDAE,Microtus,Microtus xanthognathus,colonizer,1,0,0,0,0,0,1,0,0
357,MURIDAE,Millardia,Millardia gleadowi,sedentary,0,0,1,0,0,0,0,1,0
358,TALPIDAE,Mogera,Mogera robusta,colonizer,0,1,0,0,0,0,0,1,0
359,MOSCHIDAE,Moschus,Moschus berezovskii,sedentary,0,0,1,0,0,0,0,1,0
360,MOSCHIDAE,Moschus,Moschus chrysogaster,sedentary,0,0,1,0,0,0,0,1,0
361,MOSCHIDAE,Moschus,Moschus cupreus,sedentary,0,0,1,0,0,0,0,1,0
362,MOSCHIDAE,Moschus,Moschus fuscus,sedentary,0,0,1,0,0,0,0,1,0
363,MOSCHIDAE,Moschus,Moschus leucogaster,sedentary,0,0,1,0,0,0,0,1,0
364,MOSCHIDAE,Moschus,Moschus moschiferus,sedentary,0,0,1,0,0,0,0,1,0
365,MURIDAE,Mus,Mus macedonicus,sedentary,0,0,1,0,1,0,0,1,0
366,MURIDAE,Mus,Mus musculus,sedentary,0,0,1,1,1,0,1,1,1
367,MURIDAE,Mus,Mus spicilegus,sedentary,0,0,1,0,1,0,0,1,0
368,MURIDAE,Mus,Mus spretus,sedentary,0,0,1,0,1,0,0,1,0
369,GLIRIDAE,Muscardinus,Muscardinus avellanarius,sedentary,0,0,1,0,0,0,0,1,0
370,MUSTELIDAE,Mustela,Mustela altaica,colonizer,1,0,0,0,0,0,0,1,0
371,MUSTELIDAE,Mustela,Mustela erminea,colonizer,1,0,0,0,0,0,1,1,1
372,MUSTELIDAE,Mustela,Mustela eversmanii,colonizer,1,0,0,0,0,0,0,1,0
373,MUSTELIDAE,Mustela,Mustela frenata,colonizer,1,0,0,0,0,0,1,0,0
374,MUSTELIDAE,Mustela,Mustela kathiah,colonizer,1,0,0,0,0,0,0,1,0
375,MUSTELIDAE,Mustela,Mustela lutreola,colonizer,1,0,0,0,0,0,0,1,0
376,MUSTELIDAE,Mustela,Mustela nigripes,colonizer,1,0,0,0,0,0,1,0,0
377,MUSTELIDAE,Mustela,Mustela nivalis,colonizer,1,0,0,0,0,0,1,1,1
378,MUSTELIDAE,Mustela,Mustela putorius,colonizer,1,0,0,0,0,0,0,1,0
379,MUSTELIDAE,Mustela,Mustela sibirica,colonizer,1,0,0,0,0,0,0,1,0
380,CRICETIDAE,Myodes,Myodes californicus,sedentary,0,0,1,0,1,1,1,0,0
381,CRICETIDAE,Myodes,Myodes centralis,sedentary,0,0,1,0,1,1,0,1,0
382,CRICETIDAE,Myodes,Myodes gapperi,sedentary,0,0,1,0,1,1,1,0,0
383,CRICETIDAE,Myodes,Myodes glareolus,sedentary,0,0,1,0,1,1,0,1,0
384,CRICETIDAE,Myodes,Myodes regulus,sedentary,0,0,1,0,1,1,0,1,0
385,CRICETIDAE,Myodes,Myodes rufocanus,sedentary,0,0,1,0,1,1,0,1,0
386,CRICETIDAE,Myodes,Myodes rutilus,sedentary,0,0,1,1,1,1,1,1,1
387,CRICETIDAE,Myodes,Myodes shanseius,sedentary,0,0,1,0,1,1,0,1,0
388,GLIRIDAE,Myomimus,Myomimus personatus,sedentary,0,0,1,0,0,0,0,1,0
389,GLIRIDAE,Myomimus,Myomimus setzeri,sedentary,0,0,1,0,0,0,0,1,0
390,CRICETIDAE,Myopus,Myopus schisticolor,sedentary,0,0,1,0,0,1,0,1,0
391,SPALACIDAE,Myospalax,Myospalax aspalax,sedentary,0,0,1,0,0,0,0,1,0
392,SPALACIDAE,Myospalax,Myospalax myospalax,sedentary,0,0,1,0,0,0,0,1,0
393,SPALACIDAE,Myospalax,Myospalax psilurus,sedentary,0,0,1,0,0,0,0,1,0
394,BOVIDAE,Naemorhedus,Naemorhedus caudatus,sedentary,0,0,1,0,0,1,0,1,0
395,BOVIDAE,Naemorhedus,Naemorhedus griseus,sedentary,0,0,1,0,0,1,0,1,0
396,DIPODIDAE,Napaeozapus,Napaeozapus insignis,sedentary,0,0,1,0,0,0,1,0,0
397,PROCYONIDAE,Nasua,Nasua narica,sedentary,0,0,1,0,0,0,1,0,0
398,SORICIDAE,Nectogale,Nectogale elegans,colonizer,0,1,0,0,0,0,0,1,0
399,CRICETIDAE,Nelsonia,Nelsonia goldmani,sedentary,0,0,1,0,0,1,1,0,0
400,CRICETIDAE,Nelsonia,Nelsonia neotomodon,sedentary,0,0,1,0,0,1,1,0,0
401,CRICETIDAE,Neodon,Neodon irene,sedentary,0,0,1,0,0,1,0,1,0
402,CRICETIDAE,Neodon,Neodon juldaschi,sedentary,0,0,1,0,0,1,0,1,0
403,CRICETIDAE,Neofiber,Neofiber alleni,sedentary,0,0,1,0,0,1,1,0,0
404,SORICIDAE,Neomys,Neomys anomalus,colonizer,0,1,0,0,0,0,0,1,0
405,SORICIDAE,Neomys,Neomys fodiens,colonizer,0,1,0,0,0,0,0,1,0
406,SORICIDAE,Neomys,Neomys teres,colonizer,0,1,0,0,0,0,0,1,0
407,CRICETIDAE,Neotoma,Neotoma albigula,sedentary,0,0,1,0,0,1,1,0,0
408,CRICETIDAE,Neotoma,Neotoma angustapalata,sedentary,0,0,1,0,0,1,1,0,0
409,CRICETIDAE,Neotoma,Neotoma cinerea,sedentary,0,0,1,0,0,1,1,0,0
410,CRICETIDAE,Neotoma,Neotoma devia,sedentary,0,0,1,0,0,1,1,0,0
411,CRICETIDAE,Neotoma,Neotoma floridana,sedentary,0,0,1,0,0,1,1,0,0
412,CRICETIDAE,Neotoma,Neotoma fuscipes,sedentary,0,0,1,0,0,1,1,0,0
413,CRICETIDAE,Neotoma,Neotoma goldmani,sedentary,0,0,1,0,0,1,1,0,0
414,CRICETIDAE,Neotoma,Neotoma lepida,sedentary,0,0,1,0,0,1,1,0,0
415,CRICETIDAE,Neotoma,Neotoma leucodon,sedentary,0,0,1,0,0,1,1,0,0
416,CRICETIDAE,Neotoma,Neotoma macrotis,sedentary,0,0,1,0,0,1,1,0,0
417,CRICETIDAE,Neotoma,Neotoma magister,sedentary,0,0,1,0,0,1,1,0,0
418,CRICETIDAE,Neotoma,Neotoma mexicana,sedentary,0,0,1,0,0,1,1,0,0
419,CRICETIDAE,Neotoma,Neotoma micropus,sedentary,0,0,1,0,0,1,1,0,0
420,CRICETIDAE,Neotoma,Neotoma palatina,sedentary,0,0,1,0,0,1,1,0,0
421,CRICETIDAE,Neotoma,Neotoma phenax,sedentary,0,0,1,0,0,1,1,0,0
422,CRICETIDAE,Neotoma,Neotoma stephensi,sedentary,0,0,1,0,0,1,1,0,0
423,CRICETIDAE,Neotomodon,Neotomodon alstoni,sedentary,0,0,1,0,0,1,1,0,0
424,MUSTELIDAE,Neovison,Neovison vison,sedentary,0,0,1,0,0,1,1,0,0
425,MURIDAE,Nesokia,Nesokia indica,sedentary,0,0,1,0,0,0,0,1,0
426,TALPIDAE,Neurotrichus,Neurotrichus gibbsii,colonizer,0,1,0,0,0,0,1,0,0
427,MURIDAE,Niviventer,Niviventer confucianus,sedentary,0,0,1,0,0,0,0,1,0
428,MURIDAE,Niviventer,Niviventer eha,sedentary,0,0,1,0,0,0,0,1,0
429,MURIDAE,Niviventer,Niviventer fulvescens,sedentary,0,0,1,0,0,0,0,1,0
430,SORICIDAE,Notiosorex,Notiosorex cockrumi,colonizer,0,1,0,0,0,0,1,0,0
431,SORICIDAE,Notiosorex,Notiosorex crawfordi,colonizer,0,1,0,0,0,0,1,0,0
432,SORICIDAE,Notiosorex,Notiosorex evotis,colonizer,0,1,0,0,0,0,1,0,0
433,SORICIDAE,Notiosorex,Notiosorex villai,colonizer,0,1,0,0,0,0,1,0,0
434,CANIDAE,Nyctereutes,Nyctereutes procyonoides,sedentary,0,0,1,0,0,1,0,1,0
435,CRICETIDAE,Nyctomys,Nyctomys sumichrasti,sedentary,0,0,1,0,0,1,1,0,0
436,OCHOTONIDAE,Ochotona,Ochotona alpina,sedentary,0,0,1,0,1,0,0,1,0
437,OCHOTONIDAE,Ochotona,Ochotona argentata,sedentary,0,0,1,0,1,0,0,1,0
438,OCHOTONIDAE,Ochotona,Ochotona cansus,sedentary,0,0,1,0,1,0,0,1,0
439,OCHOTONIDAE,Ochotona,Ochotona collaris,sedentary,0,0,1,0,1,0,1,0,0
440,OCHOTONIDAE,Ochotona,Ochotona curzoniae,sedentary,0,0,1,0,1,0,0,1,0
441,OCHOTONIDAE,Ochotona,Ochotona dauurica,sedentary,0,0,1,0,1,0,0,1,0
442,OCHOTONIDAE,Ochotona,Ochotona erythrotis,sedentary,0,0,1,0,1,0,0,1,0
444,OCHOTONIDAE,Ochotona,Ochotona gloveri,sedentary,0,0,1,0,1,0,0,1,0
445,OCHOTONIDAE,Ochotona,Ochotona hoffmanni,sedentary,0,0,1,0,1,0,0,1,0
446,OCHOTONIDAE,Ochotona,Ochotona huangensis,sedentary,0,0,1,0,1,0,0,1,0
447,OCHOTONIDAE,Ochotona,Ochotona hyperborea,sedentary,0,0,1,0,1,0,0,1,0
448,OCHOTONIDAE,Ochotona,Ochotona iliensis,sedentary,0,0,1,0,1,0,0,1,0
449,OCHOTONIDAE,Ochotona,Ochotona koslowi,sedentary,0,0,1,0,1,0,0,1,0
450,OCHOTONIDAE,Ochotona,Ochotona ladacensis,sedentary,0,0,1,0,1,0,0,1,0
451,OCHOTONIDAE,Ochotona,Ochotona macrotis,sedentary,0,0,1,0,1,0,0,1,0
452,OCHOTONIDAE,Ochotona,Ochotona nubrica,sedentary,0,0,1,0,1,0,0,1,0
453,OCHOTONIDAE,Ochotona,Ochotona pallasi,sedentary,0,0,1,0,1,0,0,1,0
454,OCHOTONIDAE,Ochotona,Ochotona princeps,sedentary,0,0,1,0,1,0,1,0,0
455,OCHOTONIDAE,Ochotona,Ochotona pusilla,sedentary,0,0,1,0,1,0,0,1,0
456,OCHOTONIDAE,Ochotona,Ochotona roylei,sedentary,0,0,1,0,1,0,0,1,0
457,OCHOTONIDAE,Ochotona,Ochotona rufescens,sedentary,0,0,1,0,1,0,0,1,0
458,OCHOTONIDAE,Ochotona,Ochotona rutila,sedentary,0,0,1,0,1,0,0,1,0
459,OCHOTONIDAE,Ochotona,Ochotona thibetana,sedentary,0,0,1,0,1,0,0,1,0
460,OCHOTONIDAE,Ochotona,Ochotona thomasi,sedentary,0,0,1,0,1,0,0,1,0
461,OCHOTONIDAE,Ochotona,Ochotona turuchanensis,sedentary,0,0,1,0,1,0,0,1,0
462,CRICETIDAE,Ochrotomys,Ochrotomys nuttalli,sedentary,0,0,1,0,0,1,1,0,0
463,CERVIDAE,Odocoileus,Odocoileus hemionus,colonizer,1,0,0,0,0,0,1,0,0
464,CERVIDAE,Odocoileus,Odocoileus virginianus,colonizer,1,0,0,0,0,0,1,0,0
465,CRICETIDAE,Oligoryzomys,Oligoryzomys fulvescens,sedentary,0,0,1,0,0,1,1,0,0
466,CRICETIDAE,Ondatra,Ondatra zibethicus,colonizer,1,0,0,0,0,0,1,0,0
467,CRICETIDAE,Onychomys,Onychomys arenicola,sedentary,0,0,1,0,0,1,1,0,0
468,CRICETIDAE,Onychomys,Onychomys leucogaster,sedentary,0,0,1,0,0,1,1,0,0
469,CRICETIDAE,Onychomys,Onychomys torridus,sedentary,0,0,1,0,0,1,1,0,0
470,BOVIDAE,Oreamnos,Oreamnos americanus,colonizer,1,0,0,0,0,0,1,0,0
471,GEOMYIDAE,Orthogeomys,Orthogeomys grandis,sedentary,0,0,1,0,0,0,1,0,0
472,GEOMYIDAE,Orthogeomys,Orthogeomys hispidus,sedentary,0,0,1,0,0,0,1,0,0
473,CRICETIDAE,Oryzomys,Oryzomys couesi,sedentary,0,0,1,0,0,1,1,0,0
474,CRICETIDAE,Oryzomys,Oryzomys palustris,sedentary,0,0,1,0,0,1,1,0,0
475,CRICETIDAE,Osgoodomys,Osgoodomys banderanus,sedentary,0,0,1,0,0,1,1,0,0
476,FELIDAE,Otocolobus,Otocolobus manul,sedentary,0,0,1,0,0,1,0,1,0
477,CRICETIDAE,Ototylomys,Ototylomys phyllotis,sedentary,0,0,1,0,0,1,1,0,0
478,BOVIDAE,Ovibos,Ovibos moschatus,colonizer,1,0,0,0,0,0,1,0,0
479,BOVIDAE,Ovis,Ovis ammon,colonizer,1,0,0,0,0,0,0,1,0
480,BOVIDAE,Ovis,Ovis canadensis,colonizer,1,0,0,0,0,0,1,0,0
481,BOVIDAE,Ovis,Ovis dalli,colonizer,1,0,0,0,0,0,1,0,0
482,BOVIDAE,Ovis,Ovis nivicola,colonizer,1,0,0,0,0,0,0,1,0
483,BOVIDAE,Ovis,Ovis orientalis,colonizer,1,0,0,0,0,0,0,1,0
484,VIVERRIDAE,Paguma,Paguma larvata,sedentary,0,0,1,0,0,0,0,1,0
485,FELIDAE,Panthera,Panthera onca,colonizer,1,0,0,0,0,0,1,0,0
486,FELIDAE,Panthera,Panthera pardus,colonizer,1,0,0,0,0,0,0,1,0
487,FELIDAE,Panthera,Panthera tigris,colonizer,1,0,0,0,0,0,0,1,0
488,FELIDAE,Panthera,Panthera uncia,colonizer,1,0,0,0,0,0,0,1,0
489,BOVIDAE,Pantholops,Pantholops hodgsonii,sedentary,0,0,1,0,0,1,0,1,0
490,GEOMYIDAE,Pappogeomys,Pappogeomys alcorni,sedentary,0,0,1,0,0,0,1,0,0
491,GEOMYIDAE,Pappogeomys,Pappogeomys bulleri,sedentary,0,0,1,0,0,0,1,0,0
492,DIPODIDAE,Paradipus,Paradipus ctenodactylus,sedentary,0,0,1,0,0,0,0,1,0
493,VIVERRIDAE,Paradoxurus,Paradoxurus hermaphroditus,sedentary,0,0,1,0,0,0,0,1,0
494,ERINACEIDAE,Paraechinus,Paraechinus aethiopicus,colonizer,0,1,0,0,0,0,0,1,0
495,ERINACEIDAE,Paraechinus,Paraechinus hypomelas,colonizer,0,1,0,0,0,0,0,1,0
496,TALPIDAE,Parascalops,Parascalops breweri,colonizer,0,1,0,0,0,0,1,0,0
497,TAYASSUIDAE,Pecari,Pecari tajacu,sedentary,0,0,1,0,0,0,1,0,0
498,HETEROMYIDAE,Perognathus,Perognathus alticolus,sedentary,0,0,1,0,0,0,1,0,0
499,HETEROMYIDAE,Perognathus,Perognathus amplus,sedentary,0,0,1,0,0,0,1,0,0
500,HETEROMYIDAE,Perognathus,Perognathus fasciatus,sedentary,0,0,1,0,0,0,1,0,0
501,HETEROMYIDAE,Perognathus,Perognathus flavescens,sedentary,0,0,1,0,0,0,1,0,0
502,HETEROMYIDAE,Perognathus,Perognathus flavus,sedentary,0,0,1,0,0,0,1,0,0
503,HETEROMYIDAE,Perognathus,Perognathus inornatus,sedentary,0,0,1,0,0,0,1,0,0
504,HETEROMYIDAE,Perognathus,Perognathus longimembris,sedentary,0,0,1,0,0,0,1,0,0
505,HETEROMYIDAE,Perognathus,Perognathus merriami,sedentary,0,0,1,0,0,0,1,0,0
506,HETEROMYIDAE,Perognathus,Perognathus parvus,sedentary,0,0,1,0,0,0,1,0,0
507,CRICETIDAE,Peromyscus,Peromyscus attwateri,sedentary,0,0,1,0,0,1,1,0,0
508,CRICETIDAE,Peromyscus,Peromyscus aztecus,sedentary,0,0,1,0,0,1,1,0,0
509,CRICETIDAE,Peromyscus,Peromyscus beatae,sedentary,0,0,1,0,0,1,1,0,0
510,CRICETIDAE,Peromyscus,Peromyscus boylii,sedentary,0,0,1,0,0,1,1,0,0
511,CRICETIDAE,Peromyscus,Peromyscus californicus,sedentary,0,0,1,0,0,1,1,0,0
512,CRICETIDAE,Peromyscus,Peromyscus crinitus,sedentary,0,0,1,0,0,1,1,0,0
513,CRICETIDAE,Peromyscus,Peromyscus difficilis,sedentary,0,0,1,0,0,1,1,0,0
514,CRICETIDAE,Peromyscus,Peromyscus eremicus,sedentary,0,0,1,0,0,1,1,0,0
515,CRICETIDAE,Peromyscus,Peromyscus eva,sedentary,0,0,1,0,0,1,1,0,0
516,CRICETIDAE,Peromyscus,Peromyscus fraterculus,sedentary,0,0,1,0,0,1,1,0,0
517,CRICETIDAE,Peromyscus,Peromyscus furvus,sedentary,0,0,1,0,0,1,1,0,0
518,CRICETIDAE,Peromyscus,Peromyscus gossypinus,sedentary,0,0,1,0,0,1,1,0,0
519,CRICETIDAE,Peromyscus,Peromyscus gratus,sedentary,0,0,1,0,0,1,1,0,0
520,CRICETIDAE,Peromyscus,Peromyscus hooperi,sedentary,0,0,1,0,0,1,1,0,0
521,CRICETIDAE,Peromyscus,Peromyscus hylocetes,sedentary,0,0,1,0,0,1,1,0,0
522,CRICETIDAE,Peromyscus,Peromyscus keeni,sedentary,0,0,1,0,0,1,1,0,0
523,CRICETIDAE,Peromyscus,Peromyscus leucopus,sedentary,0,0,1,0,0,1,1,0,0
524,CRICETIDAE,Peromyscus,Peromyscus levipes,sedentary,0,0,1,0,0,1,1,0,0
525,CRICETIDAE,Peromyscus,Peromyscus maniculatus,sedentary,0,0,1,0,0,1,1,0,0
526,CRICETIDAE,Peromyscus,Peromyscus megalops,sedentary,0,0,1,0,0,1,1,0,0
527,CRICETIDAE,Peromyscus,Peromyscus melanocarpus,sedentary,0,0,1,0,0,1,1,0,0
528,CRICETIDAE,Peromyscus,Peromyscus melanophrys,sedentary,0,0,1,0,0,1,1,0,0
529,CRICETIDAE,Peromyscus,Peromyscus melanotis,sedentary,0,0,1,0,0,1,1,0,0
530,CRICETIDAE,Peromyscus,Peromyscus melanurus,sedentary,0,0,1,0,0,1,1,0,0
531,CRICETIDAE,Peromyscus,Peromyscus merriami,sedentary,0,0,1,0,0,1,1,0,0
532,CRICETIDAE,Peromyscus,Peromyscus mexicanus,sedentary,0,0,1,0,0,1,1,0,0
533,CRICETIDAE,Peromyscus,Peromyscus nasutus,sedentary,0,0,1,0,0,1,1,0,0
534,CRICETIDAE,Peromyscus,Peromyscus ochraventer,sedentary,0,0,1,0,0,1,1,0,0
535,CRICETIDAE,Peromyscus,Peromyscus pectoralis,sedentary,0,0,1,0,0,1,1,0,0
536,CRICETIDAE,Peromyscus,Peromyscus perfulvus,sedentary,0,0,1,0,0,1,1,0,0
537,CRICETIDAE,Peromyscus,Peromyscus polionotus,sedentary,0,0,1,0,0,1,1,0,0
538,CRICETIDAE,Peromyscus,Peromyscus polius,sedentary,0,0,1,0,0,1,1,0,0
539,CRICETIDAE,Peromyscus,Peromyscus sagax,sedentary,0,0,1,0,0,1,1,0,0
540,CRICETIDAE,Peromyscus,Peromyscus schmidlyi,sedentary,0,0,1,0,0,1,1,0,0
541,CRICETIDAE,Peromyscus,Peromyscus simulus,sedentary,0,0,1,0,0,1,1,0,0
542,CRICETIDAE,Peromyscus,Peromyscus spicilegus,sedentary,0,0,1,0,0,1,1,0,0
543,CRICETIDAE,Peromyscus,Peromyscus truei,sedentary,0,0,1,0,0,1,1,0,0
544,CRICETIDAE,Peromyscus,Peromyscus winkelmanni,sedentary,0,0,1,0,0,1,1,0,0
545,SCIURIDAE,Petaurista,Petaurista elegans,sedentary,0,0,1,0,0,0,0,1,0
546,SCIURIDAE,Petaurista,Petaurista petaurista,sedentary,0,0,1,0,0,0,0,1,0
547,SCIURIDAE,Petaurista,Petaurista philippensis,sedentary,0,0,1,0,0,0,0,1,0
548,SCIURIDAE,Petaurista,Petaurista xanthotis,sedentary,0,0,1,0,0,0,0,1,0
549,CRICETIDAE,Phaiomys,Phaiomys leucurus,sedentary,0,0,1,0,0,1,0,1,0
550,CRICETIDAE,Phenacomys,Phenacomys intermedius,colonizer,1,0,0,0,0,0,1,0,0
551,CRICETIDAE,Phenacomys,Phenacomys ungava,colonizer,1,0,0,0,0,0,1,0,0
552,DIDELPHIDAE,Philander,Philander opossum,sedentary,0,0,1,0,0,0,1,0,0
553,CRICETIDAE,Phodopus,Phodopus campbelli,sedentary,0,0,1,0,0,1,0,1,0
554,CRICETIDAE,Phodopus,Phodopus roborovskii,sedentary,0,0,1,0,0,1,0,1,0
555,CRICETIDAE,Phodopus,Phodopus sungorus,sedentary,0,0,1,0,0,1,0,1,0
556,CRICETIDAE,Podomys,Podomys floridanus,sedentary,0,0,1,0,0,1,1,0,0
557,PROCYONIDAE,Potos,Potos flavus,sedentary,0,0,1,0,0,0,1,0,0
558,FELIDAE,Prionailurus,Prionailurus bengalensis,sedentary,0,0,1,0,0,1,0,1,0
559,PRIONODONTIDAE,Prionodon,Prionodon pardicolor,sedentary,0,0,1,0,0,0,0,1,0
560,BOVIDAE,Procapra,Procapra gutturosa,sedentary,0,0,1,0,0,1,0,1,0
561,BOVIDAE,Procapra,Procapra picticaudata,sedentary,0,0,1,0,0,1,0,1,0
562,BOVIDAE,Procapra,Procapra przewalskii,sedentary,0,0,1,0,0,1,0,1,0
563,PROCAVIIDAE,Procavia,Procavia capensis,sedentary,0,0,1,0,0,0,0,1,0
564,PROCYONIDAE,Procyon,Procyon lotor,sedentary,0,0,1,0,0,0,1,0,0
565,CRICETIDAE,Prometheomys,Prometheomys schaposchnikowi,sedentary,0,0,1,0,0,1,0,1,0
566,CERVIDAE,Przewalskium,Przewalskium albirostris,sedentary,0,0,1,0,0,1,0,1,0
567,MURIDAE,Psammomys,Psammomys obesus,sedentary,0,0,1,0,0,0,0,1,0
568,BOVIDAE,Pseudois,Pseudois nayaur,sedentary,0,0,1,0,0,1,0,1,0
569,BOVIDAE,Pseudois,Pseudois schaeferi,sedentary,0,0,1,0,0,1,0,1,0
570,SCIURIDAE,Pteromys,Pteromys volans,sedentary,0,0,1,0,0,0,0,1,0
571,FELIDAE,Puma,Puma concolor,sedentary,0,0,1,0,0,1,1,0,0
572,FELIDAE,Puma,Puma yagouaroundi,sedentary,0,0,1,0,0,1,1,0,0
573,DIPODIDAE,Pygeretmus,Pygeretmus platyurus,sedentary,0,0,1,0,0,0,0,1,0
574,DIPODIDAE,Pygeretmus,Pygeretmus pumilio,sedentary,0,0,1,0,0,0,0,1,0
575,DIPODIDAE,Pygeretmus,Pygeretmus zhitkovi,sedentary,0,0,1,0,0,0,0,1,0
576,CERVIDAE,Rangifer,Rangifer tarandus,colonizer,1,0,0,0,0,0,1,1,1
577,MURIDAE,Rattus,Rattus nitidus,sedentary,0,0,1,0,0,0,0,1,0
578,MURIDAE,Rattus,Rattus norvegicus,sedentary,0,0,1,0,0,0,0,1,0
579,MURIDAE,Rattus,Rattus pyctoris,sedentary,0,0,1,0,0,0,0,1,0
580,MURIDAE,Rattus,Rattus rattus,sedentary,0,0,1,0,0,0,0,1,0
581,MURIDAE,Rattus,Rattus tanezumi,sedentary,0,0,1,0,0,0,0,1,0
582,CRICETIDAE,Reithrodontomys,Reithrodontomys bakeri,sedentary,0,0,1,0,0,1,1,0,0
583,CRICETIDAE,Reithrodontomys,Reithrodontomys burti,sedentary,0,0,1,0,0,1,1,0,0
584,CRICETIDAE,Reithrodontomys,Reithrodontomys chrysopsis,sedentary,0,0,1,0,0,1,1,0,0
585,CRICETIDAE,Reithrodontomys,Reithrodontomys fulvescens,sedentary,0,0,1,0,0,1,1,0,0
586,CRICETIDAE,Reithrodontomys,Reithrodontomys hirsutus,sedentary,0,0,1,0,0,1,1,0,0
587,CRICETIDAE,Reithrodontomys,Reithrodontomys humulis,sedentary,0,0,1,0,0,1,1,0,0
588,CRICETIDAE,Reithrodontomys,Reithrodontomys megalotis,sedentary,0,0,1,0,0,1,1,0,0
589,CRICETIDAE,Reithrodontomys,Reithrodontomys mexicanus,sedentary,0,0,1,0,0,1,1,0,0
590,CRICETIDAE,Reithrodontomys,Reithrodontomys microdon,sedentary,0,0,1,0,0,1,1,0,0
591,CRICETIDAE,Reithrodontomys,Reithrodontomys montanus,sedentary,0,0,1,0,0,1,1,0,0
592,CRICETIDAE,Reithrodontomys,Reithrodontomys raviventris,sedentary,0,0,1,0,0,1,1,0,0
593,CRICETIDAE,Reithrodontomys,Reithrodontomys sumichrasti,sedentary,0,0,1,0,0,1,1,0,0
594,CRICETIDAE,Reithrodontomys,Reithrodontomys zacatecae,sedentary,0,0,1,0,0,1,1,0,0
595,CRICETIDAE,Rheomys,Rheomys mexicanus,sedentary,0,0,1,0,0,1,1,0,0
596,SPALACIDAE,Rhizomys,Rhizomys pruinosus,sedentary,0,0,1,0,0,0,0,1,0
597,SPALACIDAE,Rhizomys,Rhizomys sinensis,sedentary,0,0,1,0,0,0,0,1,0
598,MURIDAE,Rhombomys,Rhombomys opimus,sedentary,0,0,1,0,0,0,0,1,0
599,LEPORIDAE,Romerolagus,Romerolagus diazi,sedentary,0,0,1,0,0,1,1,0,0
600,BOVIDAE,Rupicapra,Rupicapra pyrenaica,sedentary,0,0,1,0,0,1,0,1,0
601,BOVIDAE,Rupicapra,Rupicapra rupicapra,sedentary,0,0,1,0,0,1,0,1,0
602,CERVIDAE,Rusa,Rusa unicolor,sedentary,0,0,1,0,0,1,0,1,0
603,BOVIDAE,Saiga,Saiga tatarica,sedentary,0,0,1,0,0,1,0,1,0
604,DIPODIDAE,Salpingotulus,Salpingotulus michaelis,sedentary,0,0,1,0,0,0,0,1,0
605,DIPODIDAE,Salpingotus,Salpingotus crassicauda,sedentary,0,0,1,0,0,0,0,1,0
606,DIPODIDAE,Salpingotus,Salpingotus heptneri,sedentary,0,0,1,0,0,0,0,1,0
607,DIPODIDAE,Salpingotus,Salpingotus kozlovi,sedentary,0,0,1,0,0,0,0,1,0
608,DIPODIDAE,Salpingotus,Salpingotus pallidus,sedentary,0,0,1,0,0,0,0,1,0
609,TALPIDAE,Scalopus,Scalopus aquaticus,colonizer,0,1,0,0,0,0,1,0,0
610,TALPIDAE,Scapanulus,Scapanulus oweni,colonizer,0,1,0,0,0,0,0,1,0
611,TALPIDAE,Scapanus,Scapanus latimanus,colonizer,0,1,0,0,0,0,1,0,0
612,TALPIDAE,Scapanus,Scapanus orarius,colonizer,0,1,0,0,0,0,1,0,0
613,TALPIDAE,Scapanus,Scapanus townsendii,colonizer,0,1,0,0,0,0,1,0,0
614,TALPIDAE,Scaptochirus,Scaptochirus moschatus,colonizer,0,1,0,0,0,0,0,1,0
615,SCIURIDAE,Sciurotamias,Sciurotamias davidianus,sedentary,0,0,1,0,0,0,0,1,0
616,SCIURIDAE,Sciurus,Sciurus aberti,sedentary,0,0,1,0,1,0,1,0,0
617,SCIURIDAE,Sciurus,Sciurus alleni,sedentary,0,0,1,0,1,0,1,0,0
618,SCIURIDAE,Sciurus,Sciurus anomalus,sedentary,0,0,1,0,1,0,0,1,0
619,SCIURIDAE,Sciurus,Sciurus arizonensis,sedentary,0,0,1,0,1,0,1,0,0
620,SCIURIDAE,Sciurus,Sciurus carolinensis,sedentary,0,0,1,0,1,0,1,0,0
621,SCIURIDAE,Sciurus,Sciurus colliaei,sedentary,0,0,1,0,1,0,1,0,0
622,SCIURIDAE,Sciurus,Sciurus deppei,sedentary,0,0,1,0,1,0,1,0,0
623,SCIURIDAE,Sciurus,Sciurus griseus,sedentary,0,0,1,0,1,0,1,0,0
624,SCIURIDAE,Sciurus,Sciurus nayaritensis,sedentary,0,0,1,0,1,0,1,0,0
625,SCIURIDAE,Sciurus,Sciurus niger,sedentary,0,0,1,0,1,0,1,0,0
626,SCIURIDAE,Sciurus,Sciurus oculatus,sedentary,0,0,1,0,1,0,1,0,0
627,SCIURIDAE,Sciurus,Sciurus vulgaris,sedentary,0,0,1,0,1,0,0,1,0
628,GLIRIDAE,Selevinia,Selevinia betpakdalaensis,sedentary,0,0,1,0,0,0,0,1,0
629,CERCOPITHECIDAE,Semnopithecus,Semnopithecus schistaceus,sedentary,0,0,1,0,0,0,0,1,0
630,DIPODIDAE,Sicista,Sicista armenica,sedentary,0,0,1,0,0,0,0,1,0
631,DIPODIDAE,Sicista,Sicista betulina,sedentary,0,0,1,0,0,0,0,1,0
632,DIPODIDAE,Sicista,Sicista caucasica,sedentary,0,0,1,0,0,0,0,1,0
633,DIPODIDAE,Sicista,Sicista caudata,sedentary,0,0,1,0,0,0,0,1,0
634,DIPODIDAE,Sicista,Sicista concolor,sedentary,0,0,1,0,0,0,0,1,0
635,DIPODIDAE,Sicista,Sicista kazbegica,sedentary,0,0,1,0,0,0,0,1,0
636,DIPODIDAE,Sicista,Sicista kluchorica,sedentary,0,0,1,0,0,0,0,1,0
637,DIPODIDAE,Sicista,Sicista napaea,sedentary,0,0,1,0,0,0,0,1,0
638,DIPODIDAE,Sicista,Sicista pseudonapaea,sedentary,0,0,1,0,0,0,0,1,0
639,DIPODIDAE,Sicista,Sicista severtzovi,sedentary,0,0,1,0,0,0,0,1,0
640,DIPODIDAE,Sicista,Sicista strandi,sedentary,0,0,1,0,0,0,0,1,0
641,DIPODIDAE,Sicista,Sicista subtilis,sedentary,0,0,1,0,0,0,0,1,0
642,DIPODIDAE,Sicista,Sicista tianshanica,sedentary,0,0,1,0,0,0,0,1,0
643,CRICETIDAE,Sigmodon,Sigmodon alleni,sedentary,0,0,1,0,0,1,1,0,0
644,CRICETIDAE,Sigmodon,Sigmodon arizonae,sedentary,0,0,1,0,0,1,1,0,0
645,CRICETIDAE,Sigmodon,Sigmodon fulviventer,sedentary,0,0,1,0,0,1,1,0,0
646,CRICETIDAE,Sigmodon,Sigmodon hispidus,sedentary,0,0,1,0,0,1,1,0,0
647,CRICETIDAE,Sigmodon,Sigmodon leucotis,sedentary,0,0,1,0,0,1,1,0,0
648,CRICETIDAE,Sigmodon,Sigmodon mascotensis,sedentary,0,0,1,0,0,1,1,0,0
649,CRICETIDAE,Sigmodon,Sigmodon ochrognathus,sedentary,0,0,1,0,0,1,1,0,0
650,CRICETIDAE,Sigmodon,Sigmodon planifrons,sedentary,0,0,1,0,0,1,1,0,0
651,CRICETIDAE,Sigmodon,Sigmodon toltecus,sedentary,0,0,1,0,0,1,1,0,0
652,SORICIDAE,Sorex,Sorex alaskanus,colonizer,0,1,0,0,0,0,1,0,0
653,SORICIDAE,Sorex,Sorex alpinus,colonizer,0,1,0,0,0,0,0,1,0
654,SORICIDAE,Sorex,Sorex antinorii,colonizer,0,1,0,0,0,0,0,1,0
655,SORICIDAE,Sorex,Sorex araneus,colonizer,0,1,0,0,0,0,0,1,0
656,SORICIDAE,Sorex,Sorex arcticus,colonizer,0,1,0,0,0,0,1,0,0
657,SORICIDAE,Sorex,Sorex arizonae,colonizer,0,1,0,0,0,0,1,0,0
658,SORICIDAE,Sorex,Sorex arunchi,colonizer,0,1,0,0,0,0,0,1,0
659,SORICIDAE,Sorex,Sorex asper,colonizer,0,1,0,0,0,0,0,1,0
660,SORICIDAE,Sorex,Sorex bairdi,colonizer,0,1,0,0,0,0,1,0,0
661,SORICIDAE,Sorex,Sorex bedfordiae,colonizer,0,1,0,0,0,0,0,1,0
662,SORICIDAE,Sorex,Sorex bendirii,colonizer,0,1,0,0,0,0,1,0,0
663,SORICIDAE,Sorex,Sorex buchariensis,colonizer,0,1,0,0,0,0,0,1,0
664,SORICIDAE,Sorex,Sorex caecutiens,colonizer,0,1,0,0,0,0,0,1,0
665,SORICIDAE,Sorex,Sorex camtschatica,colonizer,0,1,0,0,0,0,0,1,0
666,SORICIDAE,Sorex,Sorex cinereus,colonizer,0,1,0,0,0,0,1,0,0
667,SORICIDAE,Sorex,Sorex coronatus,colonizer,0,1,0,0,0,0,0,1,0
668,SORICIDAE,Sorex,Sorex cylindricauda,colonizer,0,1,0,0,0,0,0,1,0
669,SORICIDAE,Sorex,Sorex daphaenodon,colonizer,0,1,0,0,0,0,0,1,0
670,SORICIDAE,Sorex,Sorex dispar,colonizer,0,1,0,0,0,0,1,0,0
671,SORICIDAE,Sorex,Sorex emarginatus,colonizer,0,1,0,0,0,0,1,0,0
672,SORICIDAE,Sorex,Sorex excelsus,colonizer,0,1,0,0,0,0,0,1,0
673,SORICIDAE,Sorex,Sorex fumeus,colonizer,0,1,0,0,0,0,1,0,0
674,SORICIDAE,Sorex,Sorex gracillimus,colonizer,0,1,0,0,0,0,0,1,0
675,SORICIDAE,Sorex,Sorex granarius,colonizer,0,1,0,0,0,0,0,1,0
676,SORICIDAE,Sorex,Sorex haydeni,colonizer,0,1,0,0,0,0,1,0,0
677,SORICIDAE,Sorex,Sorex hoyi,colonizer,0,1,0,0,0,0,1,0,0
678,SORICIDAE,Sorex,Sorex isodon,colonizer,0,1,0,0,0,0,0,1,0
679,SORICIDAE,Sorex,Sorex ixtlanensis,colonizer,0,1,0,0,0,0,1,0,0
680,SORICIDAE,Sorex,Sorex longirostris,colonizer,0,1,0,0,0,0,1,0,0
681,SORICIDAE,Sorex,Sorex lyelli,colonizer,0,1,0,0,0,0,1,0,0
682,SORICIDAE,Sorex,Sorex maritimensis,colonizer,0,1,0,0,0,0,1,0,0
683,SORICIDAE,Sorex,Sorex mediopua,colonizer,0,1,0,0,0,0,1,0,0
684,SORICIDAE,Sorex,Sorex merriami,colonizer,0,1,0,0,0,0,1,0,0
685,SORICIDAE,Sorex,Sorex milleri,colonizer,0,1,0,0,0,0,1,0,0
686,SORICIDAE,Sorex,Sorex minutissimus,colonizer,0,1,0,0,0,0,0,1,0
687,SORICIDAE,Sorex,Sorex minutus,colonizer,0,1,0,0,0,0,0,1,0
688,SORICIDAE,Sorex,Sorex mirabilis,colonizer,0,1,0,0,0,0,0,1,0
689,SORICIDAE,Sorex,Sorex monticolus,colonizer,0,1,0,0,0,0,1,0,0
690,SORICIDAE,Sorex,Sorex nanus,colonizer,0,1,0,0,0,0,1,0,0
691,SORICIDAE,Sorex,Sorex neomexicanus,colonizer,0,1,0,0,0,0,1,0,0
692,SORICIDAE,Sorex,Sorex oreopolus,colonizer,0,1,0,0,0,0,1,0,0
693,SORICIDAE,Sorex,Sorex orizabae,colonizer,0,1,0,0,0,0,1,0,0
694,SORICIDAE,Sorex,Sorex ornatus,colonizer,0,1,0,0,0,0,1,0,0
695,SORICIDAE,Sorex,Sorex pacificus,colonizer,0,1,0,0,0,0,1,0,0
696,SORICIDAE,Sorex,Sorex palustris,colonizer,0,1,0,0,0,0,1,0,0
697,SORICIDAE,Sorex,Sorex planiceps,colonizer,0,1,0,0,0,0,0,1,0
698,SORICIDAE,Sorex,Sorex portenkoi,colonizer,0,1,0,0,0,0,0,1,0
699,SORICIDAE,Sorex,Sorex preblei,colonizer,0,1,0,0,0,0,1,0,0
700,SORICIDAE,Sorex,Sorex raddei,colonizer,0,1,0,0,0,0,0,1,0
701,SORICIDAE,Sorex,Sorex roboratus,colonizer,0,1,0,0,0,0,0,1,0
702,SORICIDAE,Sorex,Sorex rohweri,colonizer,0,1,0,0,0,0,1,0,0
703,SORICIDAE,Sorex,Sorex samniticus,colonizer,0,1,0,0,0,0,0,1,0
704,SORICIDAE,Sorex,Sorex satunini,colonizer,0,1,0,0,0,0,0,1,0
705,SORICIDAE,Sorex,Sorex saussurei,colonizer,0,1,0,0,0,0,1,0,0
706,SORICIDAE,Sorex,Sorex sonomae,colonizer,0,1,0,0,0,0,1,0,0
707,SORICIDAE,Sorex,Sorex tenellus,colonizer,0,1,0,0,0,0,1,0,0
708,SORICIDAE,Sorex,Sorex thibetanus,colonizer,0,1,0,0,0,0,0,1,0
709,SORICIDAE,Sorex,Sorex trowbridgii,colonizer,0,1,0,0,0,0,1,0,0
710,SORICIDAE,Sorex,Sorex tundrensis,colonizer,0,1,0,0,0,0,1,1,1
711,SORICIDAE,Sorex,Sorex ugyunak,colonizer,0,1,0,0,0,0,1,0,0
712,SORICIDAE,Sorex,Sorex unguiculatus,colonizer,0,1,0,0,0,0,0,1,0
713,SORICIDAE,Sorex,Sorex vagrans,colonizer,0,1,0,0,0,0,1,0,0
714,SORICIDAE,Sorex,Sorex ventralis,colonizer,0,1,0,0,0,0,1,0,0
715,SORICIDAE,Sorex,Sorex veraecrucis,colonizer,0,1,0,0,0,0,1,0,0
716,SORICIDAE,Sorex,Sorex veraepacis,colonizer,0,1,0,0,0,0,1,0,0
717,SORICIDAE,Sorex,Sorex volnuchini,colonizer,0,1,0,0,0,0,0,1,0
718,SORICIDAE,Sorex,Sorex yukonicus,colonizer,0,1,0,0,0,0,1,0,0
719,SORICIDAE,Soriculus,Soriculus nigrescens,colonizer,0,1,0,0,0,0,0,1,0
720,SPALACIDAE,Spalax,Spalax arenarius,sedentary,0,0,1,0,0,0,0,1,0
721,SPALACIDAE,Spalax,Spalax ehrenbergi,sedentary,0,0,1,0,0,0,0,1,0
722,SPALACIDAE,Spalax,Spalax giganteus,sedentary,0,0,1,0,0,0,0,1,0
723,SPALACIDAE,Spalax,Spalax graecus,sedentary,0,0,1,0,0,0,0,1,0
724,SPALACIDAE,Spalax,Spalax leucodon,sedentary,0,0,1,0,0,0,0,1,0
725,SPALACIDAE,Spalax,Spalax microphthalmus,sedentary,0,0,1,0,0,0,0,1,0
726,SPALACIDAE,Spalax,Spalax nehringi,sedentary,0,0,1,0,0,0,0,1,0
727,SPALACIDAE,Spalax,Spalax uralensis,sedentary,0,0,1,0,0,0,0,1,0
728,SPALACIDAE,Spalax,Spalax zemni,sedentary,0,0,1,0,0,0,0,1,0
729,SCIURIDAE,Spermophilopsis,Spermophilopsis leptodactylus,sedentary,0,0,1,0,0,0,0,1,0
730,SCIURIDAE,Spermophilus,Spermophilus alashanicus,sedentary,0,0,1,0,1,0,0,1,0
731,SCIURIDAE,Spermophilus,Spermophilus annulatus,sedentary,0,0,1,0,1,0,1,0,0
732,SCIURIDAE,Spermophilus,Spermophilus armatus,sedentary,0,0,1,0,1,0,1,0,0
733,SCIURIDAE,Spermophilus,Spermophilus atricapillus,sedentary,0,0,1,0,1,0,1,0,0
734,SCIURIDAE,Spermophilus,Spermophilus beecheyi,sedentary,0,0,1,0,1,0,1,0,0
735,SCIURIDAE,Spermophilus,Spermophilus beldingi,sedentary,0,0,1,0,1,0,1,0,0
736,SCIURIDAE,Spermophilus,Spermophilus brevicauda,sedentary,0,0,1,0,1,0,0,1,0
737,SCIURIDAE,Spermophilus,Spermophilus brunneus,sedentary,0,0,1,0,1,0,1,0,0
738,SCIURIDAE,Spermophilus,Spermophilus canus,sedentary,0,0,1,0,1,0,1,0,0
739,SCIURIDAE,Spermophilus,Spermophilus citellus,sedentary,0,0,1,0,1,0,0,1,0
740,SCIURIDAE,Spermophilus,Spermophilus columbianus,sedentary,0,0,1,0,1,0,1,0,0
741,SCIURIDAE,Spermophilus,Spermophilus dauricus,sedentary,0,0,1,0,1,0,0,1,0
742,SCIURIDAE,Spermophilus,Spermophilus elegans,sedentary,0,0,1,0,1,0,1,0,0
743,SCIURIDAE,Spermophilus,Spermophilus erythrogenys,sedentary,0,0,1,0,1,0,0,1,0
744,SCIURIDAE,Spermophilus,Spermophilus franklinii,sedentary,0,0,1,0,1,0,1,0,0
745,SCIURIDAE,Spermophilus,Spermophilus fulvus,sedentary,0,0,1,0,1,0,0,1,0
746,SCIURIDAE,Spermophilus,Spermophilus lateralis,sedentary,0,0,1,0,1,0,1,0,0
747,SCIURIDAE,Spermophilus,Spermophilus madrensis,sedentary,0,0,1,0,1,0,1,0,0
748,SCIURIDAE,Spermophilus,Spermophilus major,sedentary,0,0,1,0,1,0,0,1,0
749,SCIURIDAE,Spermophilus,Spermophilus mexicanus,sedentary,0,0,1,0,1,0,1,0,0
750,SCIURIDAE,Spermophilus,Spermophilus mohavensis,sedentary,0,0,1,0,1,0,1,0,0
751,SCIURIDAE,Spermophilus,Spermophilus mollis,sedentary,0,0,1,0,1,0,1,0,0
752,SCIURIDAE,Spermophilus,Spermophilus musicus,sedentary,0,0,1,0,1,0,0,1,0
753,SCIURIDAE,Spermophilus,Spermophilus pallidicauda,sedentary,0,0,1,0,1,0,0,1,0
754,SCIURIDAE,Spermophilus,Spermophilus parryii,sedentary,0,0,1,1,1,0,1,1,1
755,SCIURIDAE,Spermophilus,Spermophilus pygmaeus,sedentary,0,0,1,0,1,0,0,1,0
756,SCIURIDAE,Spermophilus,Spermophilus ralli,sedentary,0,0,1,0,1,0,0,1,0
757,SCIURIDAE,Spermophilus,Spermophilus relictus,sedentary,0,0,1,0,1,0,0,1,0
758,SCIURIDAE,Spermophilus,Spermophilus richardsonii,sedentary,0,0,1,0,1,0,1,0,0
759,SCIURIDAE,Spermophilus,Spermophilus saturatus,sedentary,0,0,1,0,1,0,1,0,0
760,SCIURIDAE,Spermophilus,Spermophilus spilosoma,sedentary,0,0,1,0,1,0,1,0,0
761,SCIURIDAE,Spermophilus,Spermophilus suslicus,sedentary,0,0,1,0,1,0,0,1,0
762,SCIURIDAE,Spermophilus,Spermophilus taurensis,sedentary,0,0,1,0,1,0,0,1,0
763,SCIURIDAE,Spermophilus,Spermophilus tereticaudus,sedentary,0,0,1,0,1,0,1,0,0
764,SCIURIDAE,Spermophilus,Spermophilus townsendii,sedentary,0,0,1,0,1,0,1,0,0
765,SCIURIDAE,Spermophilus,Spermophilus tridecemlineatus,sedentary,0,0,1,0,1,0,1,0,0
766,SCIURIDAE,Spermophilus,Spermophilus undulatus,sedentary,0,0,1,0,1,0,0,1,0
767,SCIURIDAE,Spermophilus,Spermophilus variegatus,sedentary,0,0,1,0,1,0,1,0,0
768,SCIURIDAE,Spermophilus,Spermophilus washingtoni,sedentary,0,0,1,0,1,0,1,0,0
769,SCIURIDAE,Spermophilus,Spermophilus xanthoprymnus,sedentary,0,0,1,0,1,0,0,1,0
770,ERETHIZONTIDAE,Sphiggurus,Sphiggurus mexicanus,sedentary,0,0,1,0,0,0,1,0,0
771,MEPHITIDAE,Spilogale,Spilogale angustifrons,sedentary,0,0,1,0,0,0,1,0,0
772,MEPHITIDAE,Spilogale,Spilogale gracilis,sedentary,0,0,1,0,0,0,1,0,0
773,MEPHITIDAE,Spilogale,Spilogale putorius,sedentary,0,0,1,0,0,0,1,0,0
774,MEPHITIDAE,Spilogale,Spilogale pygmaea,sedentary,0,0,1,0,0,0,1,0,0
775,DIPODIDAE,Stylodipus,Stylodipus andrewsi,sedentary,0,0,1,0,0,0,0,1,0
776,DIPODIDAE,Stylodipus,Stylodipus sungorus,sedentary,0,0,1,0,0,0,0,1,0
777,DIPODIDAE,Stylodipus,Stylodipus telum,sedentary,0,0,1,0,0,0,0,1,0
778,SORICIDAE,Suncus,Suncus etruscus,sedentary,0,0,1,0,0,1,0,1,0
779,SORICIDAE,Suncus,Suncus murinus,sedentary,0,0,1,0,0,1,0,1,0
780,SUIDAE,Sus,Sus scrofa,sedentary,0,0,1,0,0,0,0,1,0
781,LEPORIDAE,Sylvilagus,Sylvilagus aquaticus,colonizer,0,1,0,0,0,0,1,0,0
782,LEPORIDAE,Sylvilagus,Sylvilagus audubonii,colonizer,0,1,0,0,0,0,1,0,0
783,LEPORIDAE,Sylvilagus,Sylvilagus bachmani,colonizer,0,1,0,0,0,0,1,0,0
784,LEPORIDAE,Sylvilagus,Sylvilagus brasiliensis,colonizer,0,1,0,0,0,0,1,0,0
785,LEPORIDAE,Sylvilagus,Sylvilagus cognatus,colonizer,0,1,0,0,0,0,1,0,0
786,LEPORIDAE,Sylvilagus,Sylvilagus cunicularius,colonizer,0,1,0,0,0,0,1,0,0
787,LEPORIDAE,Sylvilagus,Sylvilagus floridanus,colonizer,0,1,0,0,0,0,1,0,0
788,LEPORIDAE,Sylvilagus,Sylvilagus insonus,colonizer,0,1,0,0,0,0,1,0,0
789,LEPORIDAE,Sylvilagus,Sylvilagus nuttallii,colonizer,0,1,0,0,0,0,1,0,0
790,LEPORIDAE,Sylvilagus,Sylvilagus obscurus,colonizer,0,1,0,0,0,0,1,0,0
791,LEPORIDAE,Sylvilagus,Sylvilagus palustris,colonizer,0,1,0,0,0,0,1,0,0
792,LEPORIDAE,Sylvilagus,Sylvilagus robustus,colonizer,0,1,0,0,0,0,1,0,0
793,LEPORIDAE,Sylvilagus,Sylvilagus transitionalis,colonizer,0,1,0,0,0,0,1,0,0
794,CRICETIDAE,Synaptomys,Synaptomys borealis,colonizer,1,0,0,0,0,0,1,0,0
795,CRICETIDAE,Synaptomys,Synaptomys cooperi,colonizer,1,0,0,0,0,0,1,0,0
796,TALPIDAE,Talpa,Talpa altaica,colonizer,0,1,0,0,0,0,0,1,0
797,TALPIDAE,Talpa,Talpa caeca,colonizer,0,1,0,0,0,0,0,1,0
798,TALPIDAE,Talpa,Talpa caucasica,colonizer,0,1,0,0,0,0,0,1,0
799,TALPIDAE,Talpa,Talpa davidiana,colonizer,0,1,0,0,0,0,0,1,0
800,TALPIDAE,Talpa,Talpa europaea,colonizer,0,1,0,0,0,0,0,1,0
801,TALPIDAE,Talpa,Talpa levantis,colonizer,0,1,0,0,0,0,0,1,0
802,TALPIDAE,Talpa,Talpa occidentalis,colonizer,0,1,0,0,0,0,0,1,0
803,TALPIDAE,Talpa,Talpa romana,colonizer,0,1,0,0,0,0,0,1,0
804,TALPIDAE,Talpa,Talpa stankovici,colonizer,0,1,0,0,0,0,0,1,0
805,MYRMECOPHAGIDAE,Tamandua,Tamandua mexicana,sedentary,0,0,1,0,0,0,1,0,0
807,SCIURIDAE,Tamias,Tamias alpinus,sedentary,0,0,1,0,1,0,1,0,0
808,SCIURIDAE,Tamias,Tamias amoenus,sedentary,0,0,1,0,1,0,1,0,0
809,SCIURIDAE,Tamias,Tamias bulleri,sedentary,0,0,1,0,1,0,1,0,0
810,SCIURIDAE,Tamias,Tamias canipes,sedentary,0,0,1,0,1,0,1,0,0
811,SCIURIDAE,Tamias,Tamias cinereicollis,sedentary,0,0,1,0,1,0,1,0,0
812,SCIURIDAE,Tamias,Tamias dorsalis,sedentary,0,0,1,0,1,0,1,0,0
813,SCIURIDAE,Tamias,Tamias durangae,sedentary,0,0,1,0,1,0,1,0,0
814,SCIURIDAE,Tamias,Tamias merriami,sedentary,0,0,1,0,1,0,1,0,0
815,SCIURIDAE,Tamias,Tamias minimus,sedentary,0,0,1,0,1,0,1,0,0
816,SCIURIDAE,Tamias,Tamias obscurus,sedentary,0,0,1,0,1,0,1,0,0
817,SCIURIDAE,Tamias,Tamias ochrogenys,sedentary,0,0,1,0,1,0,1,0,0
818,SCIURIDAE,Tamias,Tamias palmeri,sedentary,0,0,1,0,1,0,1,0,0
819,SCIURIDAE,Tamias,Tamias panamintinus,sedentary,0,0,1,0,1,0,1,0,0
820,SCIURIDAE,Tamias,Tamias quadrimaculatus,sedentary,0,0,1,0,1,0,1,0,0
821,SCIURIDAE,Tamias,Tamias quadrivittatus,sedentary,0,0,1,0,1,0,1,0,0
822,SCIURIDAE,Tamias,Tamias ruficaudus,sedentary,0,0,1,0,1,0,1,0,0
823,SCIURIDAE,Tamias,Tamias rufus,sedentary,0,0,1,0,1,0,1,0,0
824,SCIURIDAE,Tamias,Tamias senex,sedentary,0,0,1,0,1,0,1,0,0
825,SCIURIDAE,Tamias,Tamias sibiricus,sedentary,0,0,1,0,1,0,0,1,0
826,SCIURIDAE,Tamias,Tamias siskiyou,sedentary,0,0,1,0,1,0,1,0,0
827,SCIURIDAE,Tamias,Tamias sonomae,sedentary,0,0,1,0,1,0,1,0,0
828,SCIURIDAE,Tamias,Tamias speciosus,sedentary,0,0,1,0,1,0,1,0,0
829,SCIURIDAE,Tamias,Tamias striatus,sedentary,0,0,1,0,1,0,1,0,0
830,SCIURIDAE,Tamias,Tamias townsendii,sedentary,0,0,1,0,1,0,1,0,0
831,SCIURIDAE,Tamias,Tamias umbrinus,sedentary,0,0,1,0,1,0,1,0,0
832,SCIURIDAE,Tamiasciurus,Tamiasciurus douglasii,sedentary,0,0,1,0,0,0,1,0,0
833,SCIURIDAE,Tamiasciurus,Tamiasciurus hudsonicus,sedentary,0,0,1,0,0,0,1,0,0
834,SCIURIDAE,Tamiasciurus,Tamiasciurus mearnsi,sedentary,0,0,1,0,0,0,1,0,0
835,SCIURIDAE,Tamiops,Tamiops swinhoei,sedentary,0,0,1,0,0,0,0,1,0
836,MURIDAE,Tatera,Tatera indica,sedentary,0,0,1,0,0,0,0,1,0
837,MUSTELIDAE,Taxidea,Taxidea taxus,sedentary,0,0,1,0,0,1,1,0,0
838,GEOMYIDAE,Thomomys,Thomomys bottae,sedentary,0,0,1,0,0,0,1,0,0
839,GEOMYIDAE,Thomomys,Thomomys bulbivorus,sedentary,0,0,1,0,0,0,1,0,0
840,GEOMYIDAE,Thomomys,Thomomys clusius,sedentary,0,0,1,0,0,0,1,0,0
841,GEOMYIDAE,Thomomys,Thomomys idahoensis,sedentary,0,0,1,0,0,0,1,0,0
842,GEOMYIDAE,Thomomys,Thomomys mazama,sedentary,0,0,1,0,0,0,1,0,0
843,GEOMYIDAE,Thomomys,Thomomys monticola,sedentary,0,0,1,0,0,0,1,0,0
844,GEOMYIDAE,Thomomys,Thomomys talpoides,sedentary,0,0,1,0,0,0,1,0,0
845,GEOMYIDAE,Thomomys,Thomomys townsendii,sedentary,0,0,1,0,0,0,1,0,0
846,GEOMYIDAE,Thomomys,Thomomys umbrinus,sedentary,0,0,1,0,0,0,1,0,0
847,DIDELPHIDAE,Tlacuatzin,Tlacuatzin canescens,sedentary,0,0,1,0,0,0,1,0,0
848,SCIURIDAE,Trogopterus,Trogopterus xanthipes,sedentary,0,0,1,0,0,0,0,1,0
849,CRICETIDAE,Tscherskia,Tscherskia triton,sedentary,0,0,1,0,0,1,0,1,0
850,CRICETIDAE,Tylomys,Tylomys nudicaudus,sedentary,0,0,1,0,0,1,1,0,0
851,CANIDAE,Urocyon,Urocyon cinereoargenteus,sedentary,0,0,1,0,0,1,1,0,0
852,URSIDAE,Ursus,Ursus americanus,colonizer,1,0,0,0,0,0,1,0,0
853,URSIDAE,Ursus,Ursus arctos,colonizer,1,0,0,0,0,0,1,1,1
854,URSIDAE,Ursus,Ursus thibetanus,colonizer,1,0,0,0,0,0,0,1,0
855,MURIDAE,Vernaya,Vernaya fulva,sedentary,0,0,1,0,0,0,0,1,0
856,VIVERRIDAE,Viverricula,Viverricula indica,sedentary,0,0,1,0,0,0,0,1,0
857,MUSTELIDAE,Vormela,Vormela peregusna,sedentary,0,0,1,0,0,1,0,1,0
858,CANIDAE,Vulpes,Vulpes bengalensis,colonizer,0,1,0,0,0,0,0,1,0
859,CANIDAE,Vulpes,Vulpes cana,colonizer,0,1,0,0,0,0,0,1,0
860,CANIDAE,Vulpes,Vulpes corsac,colonizer,0,1,0,0,0,0,0,1,0
861,CANIDAE,Vulpes,Vulpes ferrilata,colonizer,0,1,0,0,0,0,0,1,0
862,CANIDAE,Vulpes,Vulpes macrotis,colonizer,0,1,0,0,0,0,1,0,0
863,CANIDAE,Vulpes,Vulpes rueppellii,colonizer,0,1,0,0,0,0,0,1,0
864,CANIDAE,Vulpes,Vulpes velox,colonizer,0,1,0,0,0,0,1,0,0
865,CANIDAE,Vulpes,Vulpes vulpes,colonizer,0,1,0,0,0,0,1,1,1
866,CRICETIDAE,Xenomys,Xenomys nelsoni,sedentary,0,0,1,0,0,1,1,0,0
867,DIPODIDAE,Zapus,Zapus hudsonius,sedentary,0,0,1,0,0,0,1,0,0
868,DIPODIDAE,Zapus,Zapus princeps,sedentary,0,0,1,0,0,0,1,0,0
869,DIPODIDAE,Zapus,Zapus trinotatus,sedentary,0,0,1,0,0,0,1,0,0
870,GEOMYIDAE,Zygogeomys,Zygogeomys trichopus,sedentary,0,0,1,0,0,0,1,0,0
